<metadata xml:lang="en"><Esri><CreaDate>20181113</CreaDate><CreaTime>12030600</CreaTime><ArcGISFormat>1.0</ArcGISFormat><SyncOnce>FALSE</SyncOnce><DataProperties><lineage><Process ToolSource="c:\program files (x86)\arcgis\desktop10.3\ArcToolbox\Toolboxes\Data Management Tools.tbx\CalculateField" Date="20170922" Time="100140">CalculateField Coral_reefs_poly_new_schema LAYER_NAME "CRR" VB #</Process><Process ToolSource="c:\program files (x86)\arcgis\desktop10.3\ArcToolbox\Toolboxes\Data Management Tools.tbx\CalculateField" Date="20170922" Time="100507">CalculateField Coral_reefs_poly_new_schema PARENT_ISO3 "USA" VB #</Process><Process ToolSource="c:\program files (x86)\arcgis\desktop10.3\ArcToolbox\Toolboxes\Data Management Tools.tbx\CalculateField" Date="20170922" Time="100601">CalculateField Coral_reefs_poly_new_schema PARENT_ISO3 "FRA" VB #</Process><Process ToolSource="c:\program files (x86)\arcgis\desktop10.3\ArcToolbox\Toolboxes\Data Management Tools.tbx\CalculateField" Date="20170922" Time="100736">CalculateField Coral_reefs_poly_new_schema PARENT_ISO3 "NZL" VB #</Process><Process ToolSource="c:\program files (x86)\arcgis\desktop10.3\ArcToolbox\Toolboxes\Data Management Tools.tbx\CalculateField" Date="20170922" Time="100953">CalculateField Coral_reefs_poly_new_schema PARENT_ISO3 "GBR" VB #</Process><Process ToolSource="c:\program files (x86)\arcgis\desktop10.3\ArcToolbox\Toolboxes\Data Management Tools.tbx\CalculateField" Date="20170922" Time="101104">CalculateField Coral_reefs_poly_new_schema PARENT_ISO3 "USA" VB #</Process><Process ToolSource="c:\program files (x86)\arcgis\desktop10.3\ArcToolbox\Toolboxes\Data Management Tools.tbx\CalculateField" Date="20170922" Time="101342">CalculateField Coral_reefs_poly_new_schema PARENT_ISO3 "KIR" VB #</Process><Process ToolSource="c:\program files (x86)\arcgis\desktop10.3\ArcToolbox\Toolboxes\Data Management Tools.tbx\CalculateField" Date="20170922" Time="101551">CalculateField Coral_reefs_poly_new_schema PARENT_ISO3 "TON" VB #</Process><Process ToolSource="c:\program files (x86)\arcgis\desktop10.3\ArcToolbox\Toolboxes\Data Management Tools.tbx\CalculateField" Date="20170922" Time="101621">CalculateField Coral_reefs_poly_new_schema PARENT_ISO3 "WSM" VB #</Process><Process ToolSource="c:\program files (x86)\arcgis\desktop10.3\ArcToolbox\Toolboxes\Data Management Tools.tbx\CalculateField" Date="20170922" Time="101726">CalculateField Coral_reefs_poly_new_schema PARENT_ISO3 "NZL" VB #</Process><Process ToolSource="c:\program files (x86)\arcgis\desktop10.3\ArcToolbox\Toolboxes\Data Management Tools.tbx\CalculateField" Date="20170922" Time="101927">CalculateField Coral_reefs_poly_new_schema PARENT_ISO3 "NIU" VB #</Process><Process ToolSource="c:\program files (x86)\arcgis\desktop10.3\ArcToolbox\Toolboxes\Data Management Tools.tbx\CalculateField" Date="20170926" Time="181904">CalculateField Coral_reefs_poly_new_schema PARENT_ISO3 [ISO3] VB #</Process><Process ToolSource="c:\program files (x86)\arcgis\desktop10.3\ArcToolbox\Toolboxes\Data Management Tools.tbx\CalculateField" Date="20170926" Time="181933">CalculateField Coral_reefs_poly_new_schema PARENT_ISO3 [ISO3] VB #</Process><Process ToolSource="c:\program files (x86)\arcgis\desktop10.3\ArcToolbox\Toolboxes\Data Management Tools.tbx\CalculateField" Date="20170926" Time="181947">CalculateField Coral_reefs_poly_new_schema PARENT_ISO3 [ISO3] VB #</Process><Process ToolSource="c:\program files (x86)\arcgis\desktop10.3\ArcToolbox\Toolboxes\Data Management Tools.tbx\CalculateField" Date="20170926" Time="182101">CalculateField Coral_reefs_poly_new_schema PARENT_ISO3 [ISO3] VB #</Process><Process ToolSource="c:\program files (x86)\arcgis\desktop10.3\ArcToolbox\Toolboxes\Data Management Tools.tbx\CalculateField" Date="20170926" Time="182247">CalculateField Coral_reefs_poly_new_schema PARENT_ISO3 [ISO3] VB #</Process><Process ToolSource="c:\program files (x86)\arcgis\desktop10.3\ArcToolbox\Toolboxes\Data Management Tools.tbx\CalculateField" Date="20170926" Time="182558">CalculateField Coral_reefs_poly_new_schema PARENT_ISO3 [ISO3] VB #</Process><Process ToolSource="c:\program files (x86)\arcgis\desktop10.3\ArcToolbox\Toolboxes\Data Management Tools.tbx\CalculateField" Date="20170926" Time="182935">CalculateField Coral_reefs_poly_new_schema NAME "Not Reported" VB #</Process><Process ToolSource="c:\program files (x86)\arcgis\desktop10.3\ArcToolbox\Toolboxes\Data Management Tools.tbx\CalculateField" Date="20170926" Time="183007">CalculateField Coral_reefs_poly_new_schema ORIG_NAME "Not Reported" VB #</Process><Process ToolSource="c:\program files (x86)\arcgis\desktop10.3\ArcToolbox\Toolboxes\Data Management Tools.tbx\CalculateField" Date="20170926" Time="183123">CalculateField Coral_reefs_poly_new_schema REP_AREA_KM2 0 VB #</Process><Process ToolSource="c:\program files (x86)\arcgis\desktop10.3\ArcToolbox\Toolboxes\Data Management Tools.tbx\CalculateField" Date="20170927" Time="103332">CalculateField Coral_reefs_poly_new_schema PROTECT 2 VB #</Process><Process ToolSource="c:\program files (x86)\arcgis\desktop10.3\ArcToolbox\Toolboxes\Data Management Tools.tbx\CalculateField" Date="20170927" Time="105431">CalculateField Coral_reefs_poly_new_schema PROTECT 1 VB #</Process><Process ToolSource="c:\program files (x86)\arcgis\desktop10.3\ArcToolbox\Toolboxes\Data Management Tools.tbx\CalculateField" Date="20170927" Time="105649">CalculateField Coral_reefs_poly_new_schema PROTECT 0 VB #</Process><Process ToolSource="c:\program files (x86)\arcgis\desktop10.3\ArcToolbox\Toolboxes\Data Management Tools.tbx\CalculateField" Date="20171018" Time="151221">CalculateField Coral_reefs_poly_new_schema SUB_LOC "Not Reported" VB #</Process><Process ToolSource="c:\program files (x86)\arcgis\desktop10.3\ArcToolbox\Toolboxes\Data Management Tools.tbx\CalculateField" Date="20171018" Time="152655">CalculateField Coral_reefs_poly_new_schema LOC_DEF "Not Reported" VB #</Process><Process ToolSource="c:\program files (x86)\arcgis\desktop10.3\ArcToolbox\Toolboxes\Data Management Tools.tbx\CalculateField" Date="20171018" Time="152717">CalculateField Coral_reefs_poly_new_schema FAMILY "Not Reported" VB #</Process><Process ToolSource="c:\program files (x86)\arcgis\desktop10.3\ArcToolbox\Toolboxes\Data Management Tools.tbx\CalculateField" Date="20171018" Time="152738">CalculateField Coral_reefs_poly_new_schema GENUS "Not Reported" VB #</Process><Process ToolSource="c:\program files (x86)\arcgis\desktop10.3\ArcToolbox\Toolboxes\Data Management Tools.tbx\CalculateField" Date="20171018" Time="152800">CalculateField Coral_reefs_poly_new_schema SPECIES "Not Reported" VB #</Process><Process ToolSource="c:\program files (x86)\arcgis\desktop10.3\ArcToolbox\Toolboxes\Data Management Tools.tbx\CalculateField" Date="20171022" Time="163809">CalculateField Coral_reefs_poly_new_schema DATA_TYPE "Not Reported" VB #</Process><Process ToolSource="c:\program files (x86)\arcgis\desktop10.3\ArcToolbox\Toolboxes\Data Management Tools.tbx\CalculateField" Date="20171022" Time="163830">CalculateField Coral_reefs_poly_new_schema SURVEY_MET "Not Reported" VB #</Process><Process ToolSource="c:\program files (x86)\arcgis\desktop10.3\ArcToolbox\Toolboxes\Data Management Tools.tbx\CalculateField" Date="20171022" Time="163851">CalculateField Coral_reefs_poly_new_schema VERIF "Not Reported" VB #</Process><Process ToolSource="c:\program files (x86)\arcgis\desktop10.3\ArcToolbox\Toolboxes\Data Management Tools.tbx\CalculateField" Date="20171022" Time="164017">CalculateField Coral_reefs_poly_new_schema PROTECT_STAT "Not Applicable" VB #</Process><Process ToolSource="c:\program files (x86)\arcgis\desktop10.3\ArcToolbox\Toolboxes\Data Management Tools.tbx\CalculateField" Date="20171022" Time="164037">CalculateField Coral_reefs_poly_new_schema PROTECT_STAT "Not Reported" VB #</Process><Process ToolSource="c:\program files (x86)\arcgis\desktop10.3\ArcToolbox\Toolboxes\Data Management Tools.tbx\CalculateField" Date="20171022" Time="164109">CalculateField Coral_reefs_poly_new_schema PROTECT_FEAT 0 VB #</Process><Process ToolSource="c:\program files (x86)\arcgis\desktop10.3\ArcToolbox\Toolboxes\Data Management Tools.tbx\CalculateField" Date="20171022" Time="164256">CalculateField Coral_reefs_poly_new_schema DEPTH_MIN 0 VB #</Process><Process ToolSource="c:\program files (x86)\arcgis\desktop10.3\ArcToolbox\Toolboxes\Data Management Tools.tbx\CalculateField" Date="20171022" Time="164315">CalculateField Coral_reefs_poly_new_schema DEPTH_MAX 0 VB #</Process><Process ToolSource="c:\program files (x86)\arcgis\desktop10.3\ArcToolbox\Toolboxes\Data Management Tools.tbx\CalculateField" Date="20171103" Time="134542">CalculateField Coral_reefs_poly_new_schema METADATA_ID 0 VB #</Process><Process ToolSource="c:\program files (x86)\arcgis\desktop10.5\ArcToolbox\Toolboxes\Data Management Tools.tbx\CalculateField" Date="20171213" Time="103938">CalculateField 14_001_WCMC008_CoralReef2010_v1_4 DATA_TYPE "Remotely sensed" VB #</Process><Process ToolSource="c:\program files (x86)\arcgis\desktop10.5\ArcToolbox\Toolboxes\Data Management Tools.tbx\CalculateField" Date="20171213" Time="103948">CalculateField 14_001_WCMC008_CoralReef2010_v1_4 SURVEY_MET "IKONOS" VB #</Process><Process ToolSource="c:\program files (x86)\arcgis\desktop10.5\ArcToolbox\Toolboxes\Data Management Tools.tbx\CalculateField" Date="20171213" Time="104615">CalculateField 14_001_WCMC008_CoralReef2010_v1_4 START_DATE "01/01/2001" VB #</Process><Process ToolSource="c:\program files (x86)\arcgis\desktop10.5\ArcToolbox\Toolboxes\Data Management Tools.tbx\CalculateField" Date="20171213" Time="104625">CalculateField 14_001_WCMC008_CoralReef2010_v1_4 END_DATE "31/12/2003" VB #</Process><Process ToolSource="c:\program files (x86)\arcgis\desktop10.5\ArcToolbox\Toolboxes\Data Management Tools.tbx\CalculateField" Date="20171213" Time="105435">CalculateField 14_001_WCMC008_CoralReef2010_v1_4 DATA_TYPE "Field survey" VB #</Process><Process ToolSource="c:\program files (x86)\arcgis\desktop10.5\ArcToolbox\Toolboxes\Data Management Tools.tbx\CalculateField" Date="20171213" Time="105457">CalculateField 14_001_WCMC008_CoralReef2010_v1_4 SURVEY_MET "British Admiralty Chart" VB #</Process><Process ToolSource="c:\program files (x86)\arcgis\desktop10.5\ArcToolbox\Toolboxes\Data Management Tools.tbx\CalculateField" Date="20171213" Time="143114">CalculateField 14_001_WCMC008_CoralReef2010_v1_4 SURVEYMETH [SURVEY_MET] VB #</Process><Process ToolSource="c:\program files (x86)\arcgis\desktop10.5\ArcToolbox\Toolboxes\Data Management Tools.tbx\CalculateField" Date="20171213" Time="154644">CalculateField 14_001_WCMC008_CoralReef2010_v1_4 DATE_TYPE "YY" VB #</Process><Process ToolSource="c:\program files (x86)\arcgis\desktop10.5\ArcToolbox\Toolboxes\Data Management Tools.tbx\CalculateField" Date="20171213" Time="185733">CalculateField 14_001_WCMC008_CoralReef2010_v1_4 SURVEY_MET [SURVEYMETH] VB #</Process><Process ToolSource="c:\program files (x86)\arcgis\desktop10.5\ArcToolbox\Toolboxes\Data Management Tools.tbx\CalculateField" Date="20171213" Time="185744">CalculateField 14_001_WCMC008_CoralReef2010_v1_4 SURVEY_MET [SURVEYMETH] VB #</Process><Process ToolSource="c:\program files (x86)\arcgis\desktop10.5\ArcToolbox\Toolboxes\Data Management Tools.tbx\CalculateField" Date="20171213" Time="185827">CalculateField 14_001_WCMC008_CoralReef2010_v1_4 SURVEY_MET [SURVEYMETH] VB #</Process><Process Name="Repair Geometry" ToolSource="c:\program files\arcgis\pro\Resources\ArcToolbox\toolboxes\Data Management Tools.tbx\RepairGeometry" Date="20180504" Time="120329">RepairGeometry "C:\Users\OsgurM\OneDrive - WCMC\Data Management\Quality_Checks\Input_Datasets\Input_Datasets.gdb\T14_001_WCMC008_CoralReef2010_Py_v2" DELETE_NULL OGC</Process><Process Name="Repair Geometry" ToolSource="c:\program files\arcgis\pro\Resources\ArcToolbox\toolboxes\Data Management Tools.tbx\RepairGeometry" Date="20180504" Time="150846">RepairGeometry "C:\Users\OsgurM\OneDrive - WCMC\Data Management\Quality_Checks\Input_Datasets\Input_Datasets.gdb\T14_001_WCMC008_CoralReef2010_Py_v2" DELETE_NULL OGC</Process><Process Name="Repair Geometry" ToolSource="c:\program files\arcgis\pro\Resources\ArcToolbox\toolboxes\Data Management Tools.tbx\RepairGeometry" Date="20180504" Time="152537">RepairGeometry "C:\Users\OsgurM\OneDrive - WCMC\Data Management\Quality_Checks\Input_Datasets\Input_Datasets.gdb\T14_001_WCMC008_CoralReef2010_Py_v2" DELETE_NULL OGC</Process><Process Name="Repair Geometry" ToolSource="c:\program files\arcgis\pro\Resources\ArcToolbox\toolboxes\Data Management Tools.tbx\RepairGeometry" Date="20180525" Time="125620">RepairGeometry "C:\Users\OsgurM\Documents\ArcGIS\Projects\Data Checks\Input_Datasets.gdb\T14_001_WCMC008_CoralReef2010_Py_v2" DELETE_NULL OGC</Process><Process Name="Repair Geometry" ToolSource="c:\program files\arcgis\pro\Resources\ArcToolbox\toolboxes\Data Management Tools.tbx\RepairGeometry" Date="20180530" Time="111558">RepairGeometry "C:\Users\OsgurM\Documents\ArcGIS\Projects\Data Checks\Input_Datasets.gdb\T14_001_WCMC008_CoralReef2010_Py_v2" DELETE_NULL OGC</Process><Process Name="Dice" ToolSource="c:\program files\arcgis\pro\Resources\ArcToolbox\toolboxes\Data Management Tools.tbx\Dice" Date="20180530" Time="111618">Dice "C:\Users\OsgurM\Documents\ArcGIS\Projects\Data Checks\Input_Datasets.gdb\T14_001_WCMC008_CoralReef2010_Py_v2" "C:\Users\OsgurM\Documents\ArcGIS\Projects\Data Checks\INT_DICE.gdb\T14_001_WCMC008_CoralReef2010_Py_v2_Dice" 20000</Process><Process Name="Repair Geometry (2)" ToolSource="c:\program files\arcgis\pro\Resources\ArcToolbox\toolboxes\Data Management Tools.tbx\RepairGeometry" Date="20180530" Time="111639">RepairGeometry "C:\Users\OsgurM\Documents\ArcGIS\Projects\Data Checks\INT_DICE.gdb\T14_001_WCMC008_CoralReef2010_Py_v2_Dice" DELETE_NULL OGC</Process><Process Name="Intersect" ToolSource="c:\program files\arcgis\pro\Resources\ArcToolbox\toolboxes\Analysis Tools.tbx\Intersect" Date="20180530" Time="113928">Intersect "'C:\Users\OsgurM\Documents\ArcGIS\Projects\Data Checks\INT_DICE.gdb\T14_001_WCMC008_CoralReef2010_Py_v2_Dice' #;'C:\Users\OsgurM\Documents\ArcGIS\Projects\Data Checks\EEZ_DIS_ABNJ.shp' #" "C:\Users\OsgurM\Documents\ArcGIS\Projects\Data Checks\INT_DICE.gdb\T14_001_WCMC008_CoralReef2010_Py_v2_DICE_INT" "All attributes" # "Same as input"</Process><Process ToolSource="c:\program files\arcgis\pro\Resources\ArcToolbox\toolboxes\Data Management Tools.tbx\AddField" Date="20180530" Time="173319">AddField "CIMDATA=&lt;CIMStandardDataConnection xsi:type='typens:CIMStandardDataConnection' xmlns:xsi='http://www.w3.org/2001/XMLSchema-instance' xmlns:xs='http://www.w3.org/2001/XMLSchema' xmlns:typens='http://www.esri.com/schemas/ArcGIS/2.1.0'&gt;&lt;WorkspaceConnectionString&gt;DATABASE=C:\Users\OsgurM\Documents\ArcGIS\Projects\Data Checks\INT_DICE.gdb&lt;/WorkspaceConnectionString&gt;&lt;WorkspaceFactory&gt;FileGDB&lt;/WorkspaceFactory&gt;&lt;Dataset&gt;T14_001_WCMC008_CoralReef2010_Py_v2_DICE_INT&lt;/Dataset&gt;&lt;DatasetType&gt;esriDTFeatureClass&lt;/DatasetType&gt;&lt;/CIMStandardDataConnection&gt;" ISO_Test "Long (large integer)" # # # ISO_Test NULLABLE NON_REQUIRED #</Process><Process ToolSource="c:\program files\arcgis\pro\Resources\ArcToolbox\toolboxes\Data Management Tools.tbx\CalculateField" Date="20180530" Time="173450">CalculateField T14_001_WCMC008_CoralReef2010_Py_v2_DICE_INT ISO_Test isSame(!ISO3!,!ISO3_1!) "Python 3" "def isSame(x, y):\n    fieldA = str(x)\n    fieldB = str(y)\n    if fieldA == fieldB:\n        return 1\n    else:\n        return 0\n"</Process><Process ToolSource="c:\program files\arcgis\pro\Resources\ArcToolbox\toolboxes\Data Management Tools.tbx\CalculateField" Date="20180601" Time="122849">CalculateField T14_001_WCMC008_CoralReef2010_Py_v2_DICE_INT ISO3 !ISO3_1! "Python 3" #</Process><Process ToolSource="c:\program files\arcgis\pro\Resources\ArcToolbox\toolboxes\Data Management Tools.tbx\DeleteField" Date="20180601" Time="123103">DeleteField T14_001_WCMC008_CoralReef2010_Py_v2_DICE_INT FID_EEZ_DIS_ABNJ</Process><Process ToolSource="c:\program files\arcgis\pro\Resources\ArcToolbox\toolboxes\Data Management Tools.tbx\DeleteField" Date="20180601" Time="123112">DeleteField T14_001_WCMC008_CoralReef2010_Py_v2_DICE_INT ISO3_1</Process><Process ToolSource="c:\program files\arcgis\pro\Resources\ArcToolbox\toolboxes\Data Management Tools.tbx\DeleteField" Date="20180601" Time="123126">DeleteField T14_001_WCMC008_CoralReef2010_Py_v2_DICE_INT FID_T14_001_WCMC008_CoralReef2010_Py_v2_Dice</Process><Process Name="Repair Geometry" ToolSource="c:\program files\arcgis\pro\Resources\ArcToolbox\toolboxes\Data Management Tools.tbx\RepairGeometry" Date="20180601" Time="124516">RepairGeometry "C:\Users\OsgurM\Documents\ArcGIS\Projects\Data Checks\INT_DICE.gdb\T14_001_WCMC008_CoralReef2010_Py_v2_DICE_INT" DELETE_NULL OGC</Process><Process Name="Repair Geometry" ToolSource="c:\program files\arcgis\pro\Resources\ArcToolbox\toolboxes\Data Management Tools.tbx\RepairGeometry" Date="20180601" Time="135734">RepairGeometry "C:\Users\OsgurM\Documents\ArcGIS\Projects\Data Checks\INT_DICE.gdb\T14_001_WCMC008_CoralReef2010_Py_v2_DICE_INT" DELETE_NULL OGC</Process><Process Name="Dissolve" ToolSource="c:\program files\arcgis\pro\Resources\ArcToolbox\toolboxes\Data Management Tools.tbx\Dissolve" Date="20180601" Time="135955">Dissolve "C:\Users\OsgurM\Documents\ArcGIS\Projects\Data Checks\INT_DICE.gdb\T14_001_WCMC008_CoralReef2010_Py_v2_DICE_INT" "C:\Users\OsgurM\Documents\ArcGIS\Projects\Data Checks\Dissolved.gdb\T14_001_WCMC008_CoralReef2010_Py_v2_DICE_INT_DISS" LAYER_NAME;METADATA_I;PARENT_ISO;ISO3;SUB_LOC;NAME;ORIG_NAME;LOC_DEF;FAMILY;GENUS;SPECIES;DATA_TYPE;SURVEY_MET;START_DATE;END_DATE;DATE_TYPE;PROTECT;PROTECT_FE;VERIF;PROTECT_ST "REP_AREA_K SUM;GIS_AREA_K SUM" MULTI_PART DISSOLVE_LINES</Process><Process Name="Repair Geometry" ToolSource="c:\program files\arcgis\pro\Resources\ArcToolbox\toolboxes\Data Management Tools.tbx\RepairGeometry" Date="20180627" Time="144859">RepairGeometry "C:\Users\OsgurM\OneDrive - WCMC\Data Management\Quality_Checks\Output_Datasets.gdb\WCMC008_CoralReef2010_Py_v3" DELETE_NULL OGC</Process><Process ToolSource="c:\program files\arcgis\pro\Resources\ArcToolbox\toolboxes\Data Management Tools.tbx\AlterField" Date="20180628" Time="101552">AlterField "CIMDATA=&lt;CIMStandardDataConnection xsi:type='typens:CIMStandardDataConnection' xmlns:xsi='http://www.w3.org/2001/XMLSchema-instance' xmlns:xs='http://www.w3.org/2001/XMLSchema' xmlns:typens='http://www.esri.com/schemas/ArcGIS/2.1.0'&gt;&lt;WorkspaceConnectionString&gt;DATABASE=C:\Users\OsgurM\OneDrive - WCMC\Data Management\Quality_Checks\Output_Datasets.gdb&lt;/WorkspaceConnectionString&gt;&lt;WorkspaceFactory&gt;FileGDB&lt;/WorkspaceFactory&gt;&lt;Dataset&gt;WCMC008_CoralReef2010_Py_v3&lt;/Dataset&gt;&lt;DatasetType&gt;esriDTFeatureClass&lt;/DatasetType&gt;&lt;/CIMStandardDataConnection&gt;" SUM_REP_AREA_K REP_AREA_KM2 # "Double  (double precision)" 8 NULLABLE false</Process><Process ToolSource="c:\program files\arcgis\pro\Resources\ArcToolbox\toolboxes\Data Management Tools.tbx\AlterField" Date="20180628" Time="101554">AlterField "CIMDATA=&lt;CIMStandardDataConnection xsi:type='typens:CIMStandardDataConnection' xmlns:xsi='http://www.w3.org/2001/XMLSchema-instance' xmlns:xs='http://www.w3.org/2001/XMLSchema' xmlns:typens='http://www.esri.com/schemas/ArcGIS/2.1.0'&gt;&lt;WorkspaceConnectionString&gt;DATABASE=C:\Users\OsgurM\OneDrive - WCMC\Data Management\Quality_Checks\Output_Datasets.gdb&lt;/WorkspaceConnectionString&gt;&lt;WorkspaceFactory&gt;FileGDB&lt;/WorkspaceFactory&gt;&lt;Dataset&gt;WCMC008_CoralReef2010_Py_v3&lt;/Dataset&gt;&lt;DatasetType&gt;esriDTFeatureClass&lt;/DatasetType&gt;&lt;/CIMStandardDataConnection&gt;" SUM_GIS_AREA_K GIS_AREA_KM2 # "Double  (double precision)" 8 NULLABLE false</Process><Process ToolSource="c:\program files\arcgis\pro\Resources\ArcToolbox\toolboxes\Data Management Tools.tbx\CopyFeatures" Date="20180629" Time="103615">CopyFeatures WCMC008_CoralReef2010_Py_v3 P:\PROGRAMMES\MARINE\Data\_WCMC-OceanDataViewer-Datasets\WCMC-008-GlobalDistributionOfCoralReefs2010\14_001_WCMC008_CoralReefs2010_v3\01_Data\WCMC008_CoralReef2010_Py_v3.shp # # # #</Process><Process ToolSource="c:\program files\arcgis\pro\Resources\ArcToolbox\toolboxes\Data Management Tools.tbx\RepairGeometry" Date="20180702" Time="162017">RepairGeometry WCMC008_CoralReef2010_Py_v3 DELETE_NULL OGC</Process><Process ToolSource="c:\program files\arcgis\pro\Resources\ArcToolbox\toolboxes\Data Management Tools.tbx\DeleteField" Date="20180727" Time="122935">DeleteField WCMC008_CoralReef2010_Py_v3 REP_AREA_K</Process><Process ToolSource="c:\program files\arcgis\pro\Resources\ArcToolbox\toolboxes\Data Management Tools.tbx\UpdateSchema" Date="20180727" Time="123037">UpdateSchema "CIMDATA=&lt;CIMStandardDataConnection xsi:type='typens:CIMStandardDataConnection' xmlns:xsi='http://www.w3.org/2001/XMLSchema-instance' xmlns:xs='http://www.w3.org/2001/XMLSchema' xmlns:typens='http://www.esri.com/schemas/ArcGIS/2.2.0'&gt;&lt;WorkspaceConnectionString&gt;DATABASE=P:\PROGRAMMES\MARINE\Data\_WCMC-OceanDataViewer-Datasets\WCMC-008-GlobalDistributionOfCoralReefs2010\14_001_WCMC008_CoralReefs2010_v3\01_Data&lt;/WorkspaceConnectionString&gt;&lt;WorkspaceFactory&gt;Shapefile&lt;/WorkspaceFactory&gt;&lt;Dataset&gt;WCMC008_CoralReef2010_Py_v3.shp&lt;/Dataset&gt;&lt;DatasetType&gt;esriDTAny&lt;/DatasetType&gt;&lt;/CIMStandardDataConnection&gt;" &lt;operationSequence&gt;&lt;workflow&gt;&lt;AddField&gt;&lt;field_name&gt;REP_AREA_K&lt;/field_name&gt;&lt;field_type&gt;TEXT&lt;/field_type&gt;&lt;field_length&gt;255&lt;/field_length&gt;&lt;field_is_nullable&gt;False&lt;/field_is_nullable&gt;&lt;field_is_required&gt;False&lt;/field_is_required&gt;&lt;/AddField&gt;&lt;/workflow&gt;&lt;/operationSequence&gt;</Process><Process ToolSource="c:\program files\arcgis\pro\Resources\ArcToolbox\toolboxes\Data Management Tools.tbx\CalculateGeometryAttributes" Date="20180727" Time="123649">CalculateGeometryAttributes WCMC008_CoralReef2010_Py_v3 "GIS_AREA_K AREA_GEODESIC" # "Square kilometers" PROJCS['World_Mollweide',GEOGCS['GCS_WGS_1984',DATUM['D_WGS_1984',SPHEROID['WGS_1984',6378137.0,298.257223563]],PRIMEM['Greenwich',0.0],UNIT['Degree',0.0174532925199433]],PROJECTION['Mollweide'],PARAMETER['False_Easting',0.0],PARAMETER['False_Northing',0.0],PARAMETER['Central_Meridian',0.0],UNIT['Meter',1.0]]</Process><Process ToolSource="c:\program files\arcgis\pro\Resources\ArcToolbox\toolboxes\Data Management Tools.tbx\CalculateField" Date="20180727" Time="124043">CalculateField WCMC008_CoralReef2010_Py_v3 REP_AREA_K "Not Reported" "Python 3" #</Process><Process ToolSource="c:\program files (x86)\arcgis\desktop10.5\ArcToolbox\Toolboxes\Data Management Tools.tbx\Append" Date="20181113" Time="120525">Append All_polygons_in_181113_update "WCMC new working layer\WCMC008_CoralReef2010_Py_v3_poly_v2" NO_TEST "LAYER_NAME "LAYER_NAME" true false false 50 Text 0 0 ,First,#,All_polygons_in_181113_update,LAYER_NAME,-1,-1;METADATA_I "METADATA_I" true false false 19 Double 0 0 ,First,#,All_polygons_in_181113_update,METADATA_I,-1,-1;PARENT_ISO "PARENT_ISO" true false false 50 Text 0 0 ,First,#,All_polygons_in_181113_update,PARENT_ISO,-1,-1;ISO3 "ISO3" true false false 50 Text 0 0 ,First,#,All_polygons_in_181113_update,ISO3,-1,-1;SUB_LOC "SUB_LOC" true false false 50 Text 0 0 ,First,#,All_polygons_in_181113_update,SUB_LOC,-1,-1;ORIG_NAME "ORIG_NAME" true false false 50 Text 0 0 ,First,#,All_polygons_in_181113_update,ORIG_NAME,-1,-1;FAMILY "FAMILY" true false false 50 Text 0 0 ,First,#,All_polygons_in_181113_update,FAMILY,-1,-1;GENUS "GENUS" true false false 50 Text 0 0 ,First,#,All_polygons_in_181113_update,GENUS,-1,-1;SPECIES "SPECIES" true false false 50 Text 0 0 ,First,#,All_polygons_in_181113_update,SPECIES,-1,-1;DATA_TYPE "DATA_TYPE" true false false 50 Text 0 0 ,First,#,All_polygons_in_181113_update,DATA_TYPE,-1,-1;START_DATE "START_DATE" true false false 50 Text 0 0 ,First,#,All_polygons_in_181113_update,START_DATE,-1,-1;END_DATE "END_DATE" true false false 50 Text 0 0 ,First,#,All_polygons_in_181113_update,END_DATE,-1,-1;DATE_TYPE "DATE_TYPE" true false false 50 Text 0 0 ,First,#,All_polygons_in_181113_update,DATE_TYPE,-1,-1;PROTECT "PROTECT" true false false 19 Double 0 0 ,First,#,All_polygons_in_181113_update,PROTECT,-1,-1;PROTECT_FE "PROTECT_FE" true false false 19 Double 0 0 ,First,#,All_polygons_in_181113_update,PROTECT_FE,-1,-1;VERIF "VERIF" true false false 50 Text 0 0 ,First,#,All_polygons_in_181113_update,VERIF,-1,-1;PROTECT_ST "PROTECT_ST" true false false 254 Text 0 0 ,First,#,All_polygons_in_181113_update,PROTECT_ST,-1,-1;NAME "NAME" true false false 254 Text 0 0 ,First,#,All_polygons_in_181113_update,NAME,-1,-1;LOC_DEF "LOC_DEF" true false false 254 Text 0 0 ,First,#,All_polygons_in_181113_update,LOC_DEF,-1,-1;SURVEY_MET "SURVEY_MET" true false false 254 Text 0 0 ,First,#,All_polygons_in_181113_update,SURVEY_MET,-1,-1;GIS_AREA_K "GIS_AREA_K" true false false 19 Double 0 0 ,First,#,All_polygons_in_181113_update,GIS_AREA_K,-1,-1;Shape_Leng "Shape_Leng" true false false 19 Double 0 0 ,First,#,All_polygons_in_181113_update,Shape_Leng,-1,-1;Shape_Area "Shape_Area" true false false 19 Double 0 0 ,First,#,All_polygons_in_181113_update,Shape_Area,-1,-1;REP_AREA_K "REP_AREA_K" true false false 254 Text 0 0 ,First,#,All_polygons_in_181113_update,REP_AREA_K,-1,-1" #</Process><Process ToolSource="c:\program files\arcgis\pro\Resources\ArcToolbox\toolboxes\Data Management Tools.tbx\CopyFeatures" Date="20181113" Time="143540">CopyFeatures WCMC008_CoralReef2010_Py_v4 P:\PROGRAMMES\MARINE\Data\_WCMC-OceanDataViewer-Datasets\WCMC-008-GlobalDistributionOfCoralReefs2010\14_001_WCMC008_CoralReefs2010_v4\01_Data\WCMC008_CoralReef2010_Py_v4.shp # # # #</Process><Process ToolSource="c:\users\sarap\appdata\local\programs\arcgis\pro\Resources\ArcToolbox\Toolboxes\Data Management Tools.tbx\UpdateSchema" Date="20210323" Time="095752">UpdateSchema "CIMDATA=&lt;CIMStandardDataConnection xsi:type='typens:CIMStandardDataConnection' xmlns:xsi='http://www.w3.org/2001/XMLSchema-instance' xmlns:xs='http://www.w3.org/2001/XMLSchema' xmlns:typens='http://www.esri.com/schemas/ArcGIS/2.7.0'&gt;&lt;WorkspaceConnectionString&gt;DATABASE=C:\Users\Sarap\Documents\_Data_for_analysis\Marine habitats\WCMC008_CoralReefs2018_v4\14_001_WCMC008_CoralReefs2018_v4\01_Data&lt;/WorkspaceConnectionString&gt;&lt;WorkspaceFactory&gt;Shapefile&lt;/WorkspaceFactory&gt;&lt;Dataset&gt;WCMC008_CoralReef2018_Py_v4.shp&lt;/Dataset&gt;&lt;DatasetType&gt;esriDTFeatureClass&lt;/DatasetType&gt;&lt;/CIMStandardDataConnection&gt;" &lt;operationSequence&gt;&lt;workflow&gt;&lt;DeleteField&gt;&lt;field_name&gt;PARENT_ISO&lt;/field_name&gt;&lt;field_name&gt;ISO3&lt;/field_name&gt;&lt;/DeleteField&gt;&lt;/workflow&gt;&lt;/operationSequence&gt;</Process><Process ToolSource="c:\users\sarap\appdata\local\programs\arcgis\pro\Resources\ArcToolbox\toolboxes\Conversion Tools.tbx\FeatureClassToFeatureClass" Date="20210323" Time="100025">FeatureClassToFeatureClass WCMC008_CoralReef2018_Py_v4 "C:\Users\Sarap\Documents\_Data_for_analysis\Marine habitats\WCMC008_CoralReefs2018_v4\14_001_WCMC008_CoralReefs2018_v4\01_Data" WCMC008_CoralReef2018_Py_v5.shp # "LAYER_NAME "LAYER_NAME" true true false 50 Text 0 0,First,#,WCMC008_CoralReef2018_Py_v4,LAYER_NAME,0,50;METADATA_I "METADATA_I" true true false 19 Double 0 0,First,#,WCMC008_CoralReef2018_Py_v4,METADATA_I,-1,-1;SUB_LOC "SUB_LOC" true true false 50 Text 0 0,First,#,WCMC008_CoralReef2018_Py_v4,SUB_LOC,0,50;ORIG_NAME "ORIG_NAME" true true false 50 Text 0 0,First,#,WCMC008_CoralReef2018_Py_v4,ORIG_NAME,0,50;FAMILY "FAMILY" true true false 50 Text 0 0,First,#,WCMC008_CoralReef2018_Py_v4,FAMILY,0,50;GENUS "GENUS" true true false 50 Text 0 0,First,#,WCMC008_CoralReef2018_Py_v4,GENUS,0,50;SPECIES "SPECIES" true true false 50 Text 0 0,First,#,WCMC008_CoralReef2018_Py_v4,SPECIES,0,50;DATA_TYPE "DATA_TYPE" true true false 50 Text 0 0,First,#,WCMC008_CoralReef2018_Py_v4,DATA_TYPE,0,50;START_DATE "START_DATE" true true false 50 Text 0 0,First,#,WCMC008_CoralReef2018_Py_v4,START_DATE,0,50;END_DATE "END_DATE" true true false 50 Text 0 0,First,#,WCMC008_CoralReef2018_Py_v4,END_DATE,0,50;DATE_TYPE "DATE_TYPE" true true false 50 Text 0 0,First,#,WCMC008_CoralReef2018_Py_v4,DATE_TYPE,0,50;PROTECT "PROTECT" true true false 19 Double 0 0,First,#,WCMC008_CoralReef2018_Py_v4,PROTECT,-1,-1;PROTECT_FE "PROTECT_FE" true true false 19 Double 0 0,First,#,WCMC008_CoralReef2018_Py_v4,PROTECT_FE,-1,-1;VERIF "VERIF" true true false 50 Text 0 0,First,#,WCMC008_CoralReef2018_Py_v4,VERIF,0,50;PROTECT_ST "PROTECT_ST" true true false 254 Text 0 0,First,#,WCMC008_CoralReef2018_Py_v4,PROTECT_ST,0,254;NAME "NAME" true true false 254 Text 0 0,First,#,WCMC008_CoralReef2018_Py_v4,NAME,0,254;LOC_DEF "LOC_DEF" true true false 254 Text 0 0,First,#,WCMC008_CoralReef2018_Py_v4,LOC_DEF,0,254;SURVEY_MET "SURVEY_MET" true true false 254 Text 0 0,First,#,WCMC008_CoralReef2018_Py_v4,SURVEY_MET,0,254;GIS_AREA_K "GIS_AREA_K" true true false 19 Double 0 0,First,#,WCMC008_CoralReef2018_Py_v4,GIS_AREA_K,-1,-1;Shape_Leng "Shape_Leng" true true false 19 Double 0 0,First,#,WCMC008_CoralReef2018_Py_v4,Shape_Leng,-1,-1;Shape_Area "Shape_Area" true true false 19 Double 0 0,First,#,WCMC008_CoralReef2018_Py_v4,Shape_Area,-1,-1;REP_AREA_K "REP_AREA_K" true true false 254 Text 0 0,First,#,WCMC008_CoralReef2018_Py_v4,REP_AREA_K,0,254" #</Process><Process ToolSource="c:\users\sarap\appdata\local\programs\arcgis\pro\Resources\ArcToolbox\Toolboxes\Data Management Tools.tbx\UpdateSchema" Date="20210325" Time="103606">UpdateSchema "CIMDATA=&lt;CIMStandardDataConnection xsi:type='typens:CIMStandardDataConnection' xmlns:xsi='http://www.w3.org/2001/XMLSchema-instance' xmlns:xs='http://www.w3.org/2001/XMLSchema' xmlns:typens='http://www.esri.com/schemas/ArcGIS/2.7.0'&gt;&lt;WorkspaceConnectionString&gt;DATABASE=O:\f00_data\WCMC-008-GlobalDistributionOfCoralReefs2010\14_001_WCMC008_CoralReefs2018_v4_1\01_Data&lt;/WorkspaceConnectionString&gt;&lt;WorkspaceFactory&gt;Shapefile&lt;/WorkspaceFactory&gt;&lt;Dataset&gt;WCMC008_CoralReef2018_Py_v4_1.shp&lt;/Dataset&gt;&lt;DatasetType&gt;esriDTFeatureClass&lt;/DatasetType&gt;&lt;/CIMStandardDataConnection&gt;" &lt;operationSequence&gt;&lt;workflow&gt;&lt;DeleteField&gt;&lt;field_name&gt;SUB_LOC&lt;/field_name&gt;&lt;/DeleteField&gt;&lt;/workflow&gt;&lt;/operationSequence&gt;</Process><Process ToolSource="c:\users\florencia\appdata\local\programs\arcgis\pro\Resources\ArcToolbox\toolboxes\Data Management Tools.tbx\DeleteField" Date="20210330" Time="132339">DeleteField O:\f00_data\WCMC-008-GlobalDistributionOfCoralReefs2010\14_001_WCMC008_CoralReefs2018_v4_1\01_Data\WCMC008_CoralReef2018_Py_v4_1.shp PROTECT;PROTECT_FE;PROTECT_ST</Process><Process ToolSource="c:\program files\arcgis\pro\Resources\ArcToolbox\toolboxes\Analysis Tools.tbx\Clip" Date="20251021" Time="092935">Clip WCMC008_CoralReef2018_Py_v4_1 "Sample Subsea Cable System\Study Area" "C:\Users\geolo\Documents\ArcGIS\Projects\Real-World Coastal GIS Analysis\Real-World Coastal GIS Analysis.gdb\WCMC008_CoralReef2018_P_Clip" #</Process><Process ToolSource="c:\program files\arcgis\pro\Resources\ArcToolbox\toolboxes\Data Management Tools.tbx\CopyFeatures" Date="20251024" Time="041900">CopyFeatures "Project 2: Hazard and Risk Assessment\Saltmarshes and Coral Reef\Coral Reef (WCMC 2018)" "C:\Users\geolo\Desktop\GIS Portfolio\GIS_Portfolio_Projects_Templates\Project_2_HazardRiskOverlay\ClippedSaltmarshCoral\Coral Reef (WCMC 2018).shp" # # # #</Process></lineage><itemProps><itemName Sync="TRUE">Coral Reef (WCMC 2018)</itemName><imsContentType Sync="TRUE">002</imsContentType><itemLocation><linkage Sync="TRUE">file://\\DIGITALMAMA\C$\Users\geolo\Desktop\GIS Portfolio\GIS_Portfolio_Projects_Templates\Project_2_HazardRiskOverlay\ClippedSaltmarshCoral\Coral Reef (WCMC 2018).shp</linkage><protocol Sync="TRUE">Local Area Network</protocol></itemLocation><itemSize Sync="TRUE">0.000</itemSize></itemProps><coordRef><type Sync="TRUE">Geographic</type><geogcsn Sync="TRUE">GCS_WGS_1984</geogcsn><csUnits Sync="TRUE">Angular Unit: Degree (0.017453)</csUnits><peXml Sync="TRUE">&lt;GeographicCoordinateSystem xsi:type='typens:GeographicCoordinateSystem' xmlns:xsi='http://www.w3.org/2001/XMLSchema-instance' xmlns:xs='http://www.w3.org/2001/XMLSchema' xmlns:typens='http://www.esri.com/schemas/ArcGIS/3.5.0'&gt;&lt;WKT&gt;GEOGCS[&amp;quot;GCS_WGS_1984&amp;quot;,DATUM[&amp;quot;D_WGS_1984&amp;quot;,SPHEROID[&amp;quot;WGS_1984&amp;quot;,6378137.0,298.257223563]],PRIMEM[&amp;quot;Greenwich&amp;quot;,0.0],UNIT[&amp;quot;Degree&amp;quot;,0.0174532925199433],AUTHORITY[&amp;quot;EPSG&amp;quot;,4326]]&lt;/WKT&gt;&lt;XOrigin&gt;-400&lt;/XOrigin&gt;&lt;YOrigin&gt;-400&lt;/YOrigin&gt;&lt;XYScale&gt;11258999068426.238&lt;/XYScale&gt;&lt;ZOrigin&gt;-100000&lt;/ZOrigin&gt;&lt;ZScale&gt;10000&lt;/ZScale&gt;&lt;MOrigin&gt;-100000&lt;/MOrigin&gt;&lt;MScale&gt;10000&lt;/MScale&gt;&lt;XYTolerance&gt;8.983152841195215e-09&lt;/XYTolerance&gt;&lt;ZTolerance&gt;0.001&lt;/ZTolerance&gt;&lt;MTolerance&gt;0.001&lt;/MTolerance&gt;&lt;HighPrecision&gt;true&lt;/HighPrecision&gt;&lt;LeftLongitude&gt;-180&lt;/LeftLongitude&gt;&lt;WKID&gt;4326&lt;/WKID&gt;&lt;LatestWKID&gt;4326&lt;/LatestWKID&gt;&lt;/GeographicCoordinateSystem&gt;</peXml></coordRef><copyHistory><copy source="P:\PROGRAMMES\MARINE\Data\_WCMC-OceanDataViewer-Datasets\WCMC-008-GlobalDistributionOfCoralReefs2010\14_001_WCMC008_CoralReefs2010_v3\01_Data\WCMC008_CoralReef2010_Py_v3" dest="\\WCMC-PC-02158\E$\Major_Jobs_2018\08198_Coral_Reefs_Lauren\1_Input_Data\0_Current_ODV_Layer\14_001_WCMC008_CoralReefs2010_v3_correct\WCMC008_CoralReef2010_Py_v3" date="20181113" time="10562500"></copy></copyHistory></DataProperties><SyncDate>20251024</SyncDate><SyncTime>04185900</SyncTime><ModDate>20251024</ModDate><ModTime>04185900</ModTime></Esri><dataIdInfo><envirDesc Sync="TRUE">Microsoft Windows 10 Version 10.0 (Build 26200) ; Esri ArcGIS 13.5.3.57366</envirDesc><dataLang><languageCode value="eng" Sync="TRUE"></languageCode><countryCode value="USA" Sync="TRUE"></countryCode></dataLang><idCitation><resTitle Sync="TRUE">Coral Reef (WCMC 2018)</resTitle><presForm><PresFormCd value="005" Sync="TRUE"></PresFormCd></presForm></idCitation><spatRpType><SpatRepTypCd value="001" Sync="TRUE"></SpatRepTypCd></spatRpType></dataIdInfo><mdLang><languageCode value="eng" Sync="TRUE"></languageCode><countryCode value="USA" Sync="TRUE"></countryCode></mdLang><distInfo><distFormat><formatName Sync="TRUE">Shapefile</formatName></distFormat><distTranOps><transSize Sync="TRUE">0.000</transSize></distTranOps></distInfo><mdHrLv><ScopeCd value="005" Sync="TRUE"></ScopeCd></mdHrLv><mdHrLvName Sync="TRUE">dataset</mdHrLvName><refSysInfo><RefSystem><refSysID><identCode code="4326" Sync="TRUE"></identCode><idCodeSpace Sync="TRUE">EPSG</idCodeSpace><idVersion Sync="TRUE">6.2(3.0.1)</idVersion></refSysID></RefSystem></refSysInfo><spatRepInfo><VectSpatRep><geometObjs Name="Coral Reef (WCMC 2018)"><geoObjTyp><GeoObjTypCd value="002" Sync="TRUE"></GeoObjTypCd></geoObjTyp><geoObjCnt Sync="TRUE">0</geoObjCnt></geometObjs><topLvl><TopoLevCd value="001" Sync="TRUE"></TopoLevCd></topLvl></VectSpatRep></spatRepInfo><spdoinfo><ptvctinf><esriterm Name="Coral Reef (WCMC 2018)"><efeatyp Sync="TRUE">Simple</efeatyp><efeageom code="4" Sync="TRUE"></efeageom><esritopo Sync="TRUE">FALSE</esritopo><efeacnt Sync="TRUE">0</efeacnt><spindex Sync="TRUE">FALSE</spindex><linrefer Sync="TRUE">FALSE</linrefer></esriterm></ptvctinf></spdoinfo><eainfo><detailed Name="Coral Reef (WCMC 2018)"><enttyp><enttypl Sync="TRUE">Coral Reef (WCMC 2018)</enttypl><enttypt Sync="TRUE">Feature Class</enttypt><enttypc Sync="TRUE">0</enttypc></enttyp><attr><attrlabl Sync="TRUE">FID</attrlabl><attalias Sync="TRUE">FID</attalias><attrtype Sync="TRUE">OID</attrtype><attwidth Sync="TRUE">4</attwidth><atprecis Sync="TRUE">0</atprecis><attscale Sync="TRUE">0</attscale><attrdef Sync="TRUE">Internal feature number.</attrdef><attrdefs Sync="TRUE">Esri</attrdefs><attrdomv><udom Sync="TRUE">Sequential unique whole numbers that are automatically generated.</udom></attrdomv></attr><attr><attrlabl Sync="TRUE">Shape</attrlabl><attalias Sync="TRUE">Shape</attalias><attrtype Sync="TRUE">Geometry</attrtype><attwidth Sync="TRUE">0</attwidth><atprecis Sync="TRUE">0</atprecis><attscale Sync="TRUE">0</attscale><attrdef Sync="TRUE">Feature geometry.</attrdef><attrdefs Sync="TRUE">Esri</attrdefs><attrdomv><udom Sync="TRUE">Coordinates defining the features.</udom></attrdomv></attr><attr><attrlabl Sync="TRUE">LAYER_NAME</attrlabl><attalias Sync="TRUE">LAYER_NAME</attalias><attrtype Sync="TRUE">String</attrtype><attwidth Sync="TRUE">50</attwidth><atprecis Sync="TRUE">0</atprecis><attscale Sync="TRUE">0</attscale></attr><attr><attrlabl Sync="TRUE">METADATA_I</attrlabl><attalias Sync="TRUE">METADATA_I</attalias><attrtype Sync="TRUE">Double</attrtype><attwidth Sync="TRUE">19</attwidth><atprecis Sync="TRUE">0</atprecis><attscale Sync="TRUE">0</attscale></attr><attr><attrlabl Sync="TRUE">ORIG_NAME</attrlabl><attalias Sync="TRUE">ORIG_NAME</attalias><attrtype Sync="TRUE">String</attrtype><attwidth Sync="TRUE">50</attwidth><atprecis Sync="TRUE">0</atprecis><attscale Sync="TRUE">0</attscale></attr><attr><attrlabl Sync="TRUE">FAMILY</attrlabl><attalias Sync="TRUE">FAMILY</attalias><attrtype Sync="TRUE">String</attrtype><attwidth Sync="TRUE">50</attwidth><atprecis Sync="TRUE">0</atprecis><attscale Sync="TRUE">0</attscale></attr><attr><attrlabl Sync="TRUE">GENUS</attrlabl><attalias Sync="TRUE">GENUS</attalias><attrtype Sync="TRUE">String</attrtype><attwidth Sync="TRUE">50</attwidth><atprecis Sync="TRUE">0</atprecis><attscale Sync="TRUE">0</attscale></attr><attr><attrlabl Sync="TRUE">SPECIES</attrlabl><attalias Sync="TRUE">SPECIES</attalias><attrtype Sync="TRUE">String</attrtype><attwidth Sync="TRUE">50</attwidth><atprecis Sync="TRUE">0</atprecis><attscale Sync="TRUE">0</attscale></attr><attr><attrlabl Sync="TRUE">DATA_TYPE</attrlabl><attalias Sync="TRUE">DATA_TYPE</attalias><attrtype Sync="TRUE">String</attrtype><attwidth Sync="TRUE">50</attwidth><atprecis Sync="TRUE">0</atprecis><attscale Sync="TRUE">0</attscale></attr><attr><attrlabl Sync="TRUE">START_DATE</attrlabl><attalias Sync="TRUE">START_DATE</attalias><attrtype Sync="TRUE">String</attrtype><attwidth Sync="TRUE">50</attwidth><atprecis Sync="TRUE">0</atprecis><attscale Sync="TRUE">0</attscale></attr><attr><attrlabl Sync="TRUE">END_DATE</attrlabl><attalias Sync="TRUE">END_DATE</attalias><attrtype Sync="TRUE">String</attrtype><attwidth Sync="TRUE">50</attwidth><atprecis Sync="TRUE">0</atprecis><attscale Sync="TRUE">0</attscale></attr><attr><attrlabl Sync="TRUE">DATE_TYPE</attrlabl><attalias Sync="TRUE">DATE_TYPE</attalias><attrtype Sync="TRUE">String</attrtype><attwidth Sync="TRUE">50</attwidth><atprecis Sync="TRUE">0</atprecis><attscale Sync="TRUE">0</attscale></attr><attr><attrlabl Sync="TRUE">VERIF</attrlabl><attalias Sync="TRUE">VERIF</attalias><attrtype Sync="TRUE">String</attrtype><attwidth Sync="TRUE">50</attwidth><atprecis Sync="TRUE">0</atprecis><attscale Sync="TRUE">0</attscale></attr><attr><attrlabl Sync="TRUE">NAME</attrlabl><attalias Sync="TRUE">NAME</attalias><attrtype Sync="TRUE">String</attrtype><attwidth Sync="TRUE">254</attwidth><atprecis Sync="TRUE">0</atprecis><attscale Sync="TRUE">0</attscale></attr><attr><attrlabl Sync="TRUE">LOC_DEF</attrlabl><attalias Sync="TRUE">LOC_DEF</attalias><attrtype Sync="TRUE">String</attrtype><attwidth Sync="TRUE">254</attwidth><atprecis Sync="TRUE">0</atprecis><attscale Sync="TRUE">0</attscale></attr><attr><attrlabl Sync="TRUE">SURVEY_MET</attrlabl><attalias Sync="TRUE">SURVEY_MET</attalias><attrtype Sync="TRUE">String</attrtype><attwidth Sync="TRUE">254</attwidth><atprecis Sync="TRUE">0</atprecis><attscale Sync="TRUE">0</attscale></attr><attr><attrlabl Sync="TRUE">REP_AREA_K</attrlabl><attalias Sync="TRUE">REP_AREA_K</attalias><attrtype Sync="TRUE">String</attrtype><attwidth Sync="TRUE">254</attwidth><atprecis Sync="TRUE">0</atprecis><attscale Sync="TRUE">0</attscale></attr><attr><attrlabl Sync="TRUE">GIS_AREA_K</attrlabl><attalias Sync="TRUE">GIS_AREA_K</attalias><attrtype Sync="TRUE">Double</attrtype><attwidth Sync="TRUE">19</attwidth><atprecis Sync="TRUE">0</atprecis><attscale Sync="TRUE">0</attscale></attr><attr><attrlabl Sync="TRUE">Shape_Leng</attrlabl><attalias Sync="TRUE">Shape_Leng</attalias><attrtype Sync="TRUE">Double</attrtype><attwidth Sync="TRUE">19</attwidth><atprecis Sync="TRUE">0</atprecis><attscale Sync="TRUE">0</attscale></attr><attr><attrlabl Sync="TRUE">Shape_Le_1</attrlabl><attalias Sync="TRUE">Shape_Le_1</attalias><attrtype Sync="TRUE">Double</attrtype><attwidth Sync="TRUE">19</attwidth><atprecis Sync="TRUE">0</atprecis><attscale Sync="TRUE">0</attscale></attr><attr><attrlabl Sync="TRUE">Shape_Area</attrlabl><attalias Sync="TRUE">Shape_Area</attalias><attrtype Sync="TRUE">Double</attrtype><attwidth Sync="TRUE">19</attwidth><atprecis Sync="TRUE">0</atprecis><attscale Sync="TRUE">0</attscale><attrdef Sync="TRUE">Area of feature in internal units squared.</attrdef><attrdefs Sync="TRUE">Esri</attrdefs><attrdomv><udom Sync="TRUE">Positive real numbers that are automatically generated.</udom></attrdomv></attr></detailed></eainfo><mdDateSt Sync="TRUE">20251024</mdDateSt><mdChar><CharSetCd value="004" Sync="TRUE"></CharSetCd></mdChar></metadata>
