<metadata xml:lang="en"><Esri><CreaDate>20171208</CreaDate><CreaTime>14370900</CreaTime><ArcGISFormat>1.0</ArcGISFormat><SyncOnce>FALSE</SyncOnce><DataProperties><lineage><Process ToolSource="c:\program files (x86)\arcgis\desktop10.3\ArcToolbox\Toolboxes\Data Management Tools.tbx\CalculateField" Date="20170922" Time="100140">CalculateField Coral_reefs_poly_new_schema LAYER_NAME "CRR" VB #</Process><Process ToolSource="c:\program files (x86)\arcgis\desktop10.3\ArcToolbox\Toolboxes\Data Management Tools.tbx\CalculateField" Date="20170922" Time="100507">CalculateField Coral_reefs_poly_new_schema PARENT_ISO3 "USA" VB #</Process><Process ToolSource="c:\program files (x86)\arcgis\desktop10.3\ArcToolbox\Toolboxes\Data Management Tools.tbx\CalculateField" Date="20170922" Time="100601">CalculateField Coral_reefs_poly_new_schema PARENT_ISO3 "FRA" VB #</Process><Process ToolSource="c:\program files (x86)\arcgis\desktop10.3\ArcToolbox\Toolboxes\Data Management Tools.tbx\CalculateField" Date="20170922" Time="100736">CalculateField Coral_reefs_poly_new_schema PARENT_ISO3 "NZL" VB #</Process><Process ToolSource="c:\program files (x86)\arcgis\desktop10.3\ArcToolbox\Toolboxes\Data Management Tools.tbx\CalculateField" Date="20170922" Time="100953">CalculateField Coral_reefs_poly_new_schema PARENT_ISO3 "GBR" VB #</Process><Process ToolSource="c:\program files (x86)\arcgis\desktop10.3\ArcToolbox\Toolboxes\Data Management Tools.tbx\CalculateField" Date="20170922" Time="101104">CalculateField Coral_reefs_poly_new_schema PARENT_ISO3 "USA" VB #</Process><Process ToolSource="c:\program files (x86)\arcgis\desktop10.3\ArcToolbox\Toolboxes\Data Management Tools.tbx\CalculateField" Date="20170922" Time="101342">CalculateField Coral_reefs_poly_new_schema PARENT_ISO3 "KIR" VB #</Process><Process ToolSource="c:\program files (x86)\arcgis\desktop10.3\ArcToolbox\Toolboxes\Data Management Tools.tbx\CalculateField" Date="20170922" Time="101551">CalculateField Coral_reefs_poly_new_schema PARENT_ISO3 "TON" VB #</Process><Process ToolSource="c:\program files (x86)\arcgis\desktop10.3\ArcToolbox\Toolboxes\Data Management Tools.tbx\CalculateField" Date="20170922" Time="101621">CalculateField Coral_reefs_poly_new_schema PARENT_ISO3 "WSM" VB #</Process><Process ToolSource="c:\program files (x86)\arcgis\desktop10.3\ArcToolbox\Toolboxes\Data Management Tools.tbx\CalculateField" Date="20170922" Time="101726">CalculateField Coral_reefs_poly_new_schema PARENT_ISO3 "NZL" VB #</Process><Process ToolSource="c:\program files (x86)\arcgis\desktop10.3\ArcToolbox\Toolboxes\Data Management Tools.tbx\CalculateField" Date="20170922" Time="101927">CalculateField Coral_reefs_poly_new_schema PARENT_ISO3 "NIU" VB #</Process><Process ToolSource="c:\program files (x86)\arcgis\desktop10.3\ArcToolbox\Toolboxes\Data Management Tools.tbx\CalculateField" Date="20170926" Time="181904">CalculateField Coral_reefs_poly_new_schema PARENT_ISO3 [ISO3] VB #</Process><Process ToolSource="c:\program files (x86)\arcgis\desktop10.3\ArcToolbox\Toolboxes\Data Management Tools.tbx\CalculateField" Date="20170926" Time="181933">CalculateField Coral_reefs_poly_new_schema PARENT_ISO3 [ISO3] VB #</Process><Process ToolSource="c:\program files (x86)\arcgis\desktop10.3\ArcToolbox\Toolboxes\Data Management Tools.tbx\CalculateField" Date="20170926" Time="181947">CalculateField Coral_reefs_poly_new_schema PARENT_ISO3 [ISO3] VB #</Process><Process ToolSource="c:\program files (x86)\arcgis\desktop10.3\ArcToolbox\Toolboxes\Data Management Tools.tbx\CalculateField" Date="20170926" Time="182101">CalculateField Coral_reefs_poly_new_schema PARENT_ISO3 [ISO3] VB #</Process><Process ToolSource="c:\program files (x86)\arcgis\desktop10.3\ArcToolbox\Toolboxes\Data Management Tools.tbx\CalculateField" Date="20170926" Time="182247">CalculateField Coral_reefs_poly_new_schema PARENT_ISO3 [ISO3] VB #</Process><Process ToolSource="c:\program files (x86)\arcgis\desktop10.3\ArcToolbox\Toolboxes\Data Management Tools.tbx\CalculateField" Date="20170926" Time="182558">CalculateField Coral_reefs_poly_new_schema PARENT_ISO3 [ISO3] VB #</Process><Process ToolSource="c:\program files (x86)\arcgis\desktop10.3\ArcToolbox\Toolboxes\Data Management Tools.tbx\CalculateField" Date="20170926" Time="182935">CalculateField Coral_reefs_poly_new_schema NAME "Not Reported" VB #</Process><Process ToolSource="c:\program files (x86)\arcgis\desktop10.3\ArcToolbox\Toolboxes\Data Management Tools.tbx\CalculateField" Date="20170926" Time="183007">CalculateField Coral_reefs_poly_new_schema ORIG_NAME "Not Reported" VB #</Process><Process ToolSource="c:\program files (x86)\arcgis\desktop10.3\ArcToolbox\Toolboxes\Data Management Tools.tbx\CalculateField" Date="20170926" Time="183123">CalculateField Coral_reefs_poly_new_schema REP_AREA_KM2 0 VB #</Process><Process ToolSource="c:\program files (x86)\arcgis\desktop10.3\ArcToolbox\Toolboxes\Data Management Tools.tbx\CalculateField" Date="20170927" Time="103332">CalculateField Coral_reefs_poly_new_schema PROTECT 2 VB #</Process><Process ToolSource="c:\program files (x86)\arcgis\desktop10.3\ArcToolbox\Toolboxes\Data Management Tools.tbx\CalculateField" Date="20170927" Time="105431">CalculateField Coral_reefs_poly_new_schema PROTECT 1 VB #</Process><Process ToolSource="c:\program files (x86)\arcgis\desktop10.3\ArcToolbox\Toolboxes\Data Management Tools.tbx\CalculateField" Date="20170927" Time="105649">CalculateField Coral_reefs_poly_new_schema PROTECT 0 VB #</Process><Process ToolSource="c:\program files (x86)\arcgis\desktop10.3\ArcToolbox\Toolboxes\Data Management Tools.tbx\CalculateField" Date="20171017" Time="124500">CalculateField Saltmarsh_poly_new_schema LAYER_NAME "SLM" VB #</Process><Process ToolSource="c:\program files (x86)\arcgis\desktop10.3\ArcToolbox\Toolboxes\Data Management Tools.tbx\CalculateField" Date="20171017" Time="132528">CalculateField Saltmarsh_poly_new_schema DEPTH_MIN "Not Applicable" VB #</Process><Process ToolSource="c:\program files (x86)\arcgis\desktop10.3\ArcToolbox\Toolboxes\Data Management Tools.tbx\CalculateField" Date="20171017" Time="132623">CalculateField Saltmarsh_poly_new_schema VERIF "Not Reported" VB #</Process><Process ToolSource="c:\program files (x86)\arcgis\desktop10.3\ArcToolbox\Toolboxes\Data Management Tools.tbx\CalculateField" Date="20171017" Time="132716">CalculateField Saltmarsh_poly_new_schema LOC_DEF "Not Reported" VB #</Process><Process ToolSource="c:\program files (x86)\arcgis\desktop10.3\ArcToolbox\Toolboxes\Data Management Tools.tbx\CalculateField" Date="20171017" Time="132751">CalculateField Saltmarsh_poly_new_schema FAMILY "Not Reported" VB #</Process><Process ToolSource="c:\program files (x86)\arcgis\desktop10.3\ArcToolbox\Toolboxes\Data Management Tools.tbx\CalculateField" Date="20171017" Time="132826">CalculateField Saltmarsh_poly_new_schema GENUS "Not Reported" VB #</Process><Process ToolSource="c:\program files (x86)\arcgis\desktop10.3\ArcToolbox\Toolboxes\Data Management Tools.tbx\CalculateField" Date="20171017" Time="133034">CalculateField Saltmarsh_poly_new_schema SPECIES "Not Reported" VB #</Process><Process ToolSource="c:\program files (x86)\arcgis\desktop10.3\ArcToolbox\Toolboxes\Data Management Tools.tbx\CalculateField" Date="20171017" Time="135521">CalculateField Saltmarsh_poly_new_schema PROTECT 2 VB #</Process><Process ToolSource="c:\program files (x86)\arcgis\desktop10.3\ArcToolbox\Toolboxes\Data Management Tools.tbx\CalculateField" Date="20171017" Time="141252">CalculateField Saltmarsh_poly_new_schema PROTECT 1 VB #</Process><Process ToolSource="c:\program files (x86)\arcgis\desktop10.3\ArcToolbox\Toolboxes\Data Management Tools.tbx\CalculateField" Date="20171017" Time="141331">CalculateField Saltmarsh_poly_new_schema PROTECT 0 VB #</Process><Process ToolSource="c:\program files (x86)\arcgis\desktop10.3\ArcToolbox\Toolboxes\Data Management Tools.tbx\CalculateField" Date="20171017" Time="141512">CalculateField Saltmarsh_poly_new_schema PROTECT_FEAT 0 VB #</Process><Process ToolSource="c:\program files (x86)\arcgis\desktop10.3\ArcToolbox\Toolboxes\Data Management Tools.tbx\CalculateField" Date="20171022" Time="163026">CalculateField Saltmarsh_poly_new_schema PROTECT_STAT "Not Applicable" VB #</Process><Process ToolSource="c:\program files (x86)\arcgis\desktop10.3\ArcToolbox\Toolboxes\Data Management Tools.tbx\CalculateField" Date="20171022" Time="163102">CalculateField Saltmarsh_poly_new_schema PROTECT_STAT "Not Reported" VB #</Process><Process ToolSource="c:\program files (x86)\arcgis\desktop10.3\ArcToolbox\Toolboxes\Data Management Tools.tbx\CalculateField" Date="20171022" Time="163226">CalculateField Saltmarsh_poly_new_schema DATA_TYPE "Not Reported" VB #</Process><Process ToolSource="c:\program files (x86)\arcgis\desktop10.3\ArcToolbox\Toolboxes\Data Management Tools.tbx\CalculateField" Date="20171022" Time="163255">CalculateField Saltmarsh_poly_new_schema SURVEY_MET "Not Reported" VB #</Process><Process ToolSource="c:\program files (x86)\arcgis\desktop10.3\ArcToolbox\Toolboxes\Data Management Tools.tbx\CalculateField" Date="20171022" Time="163352">CalculateField Saltmarsh_poly_new_schema DATE_TYPE "ND" VB #</Process><Process ToolSource="c:\program files (x86)\arcgis\desktop10.5\ArcToolbox\Toolboxes\Data Management Tools.tbx\CalculateField" Date="20171210" Time="214345">CalculateField 14_001_WCMC027_Saltmarsh_py_v5 DATE_TYPE "YY" VB #</Process><Process ToolSource="c:\program files (x86)\arcgis\desktop10.5\ArcToolbox\Toolboxes\Data Management Tools.tbx\CalculateField" Date="20171210" Time="214854">CalculateField 14_001_WCMC027_Saltmarsh_py_v5 DATE_TYPE "YY" VB #</Process><Process ToolSource="c:\program files (x86)\arcgis\desktop10.5\ArcToolbox\Toolboxes\Data Management Tools.tbx\CalculateField" Date="20171210" Time="220141">CalculateField 14_001_WCMC027_Saltmarsh_py_v5 DATE_TYPE "O" VB #</Process><Process ToolSource="c:\program files (x86)\arcgis\desktop10.5\ArcToolbox\Toolboxes\Data Management Tools.tbx\CalculateField" Date="20171210" Time="220226">CalculateField 14_001_WCMC027_Saltmarsh_py_v5 DATE_TYPE "YY" VB #</Process><Process ToolSource="c:\program files (x86)\arcgis\desktop10.5\ArcToolbox\Toolboxes\Data Management Tools.tbx\CalculateField" Date="20171210" Time="225036">CalculateField 14_001_WCMC027_Saltmarsh_py_v5 DATE_TYPE "Y" VB #</Process><Process ToolSource="c:\program files (x86)\arcgis\desktop10.5\ArcToolbox\Toolboxes\Data Management Tools.tbx\CalculateField" Date="20171210" Time="230859">CalculateField 14_001_WCMC027_Saltmarsh_py_v5 DATE_TYPE "YY" VB #</Process><Process ToolSource="c:\program files (x86)\arcgis\desktop10.5\ArcToolbox\Toolboxes\Data Management Tools.tbx\CalculateField" Date="20171210" Time="230946">CalculateField 14_001_WCMC027_Saltmarsh_py_v5 DATE_TYPE "D" VB #</Process><Process ToolSource="c:\program files (x86)\arcgis\desktop10.5\ArcToolbox\Toolboxes\Data Management Tools.tbx\CalculateField" Date="20171210" Time="231121">CalculateField 14_001_WCMC027_Saltmarsh_py_v5 DATE_TYPE "DD" VB #</Process><Process ToolSource="c:\program files (x86)\arcgis\desktop10.5\ArcToolbox\Toolboxes\Data Management Tools.tbx\CalculateField" Date="20171210" Time="231136">CalculateField 14_001_WCMC027_Saltmarsh_py_v5 DATE_TYPE "D" VB #</Process><Process ToolSource="c:\program files (x86)\arcgis\desktop10.5\ArcToolbox\Toolboxes\Data Management Tools.tbx\CalculateField" Date="20171210" Time="231157">CalculateField 14_001_WCMC027_Saltmarsh_py_v5 DATE_TYPE "D" VB #</Process><Process ToolSource="c:\program files (x86)\arcgis\desktop10.5\ArcToolbox\Toolboxes\Data Management Tools.tbx\CalculateField" Date="20171210" Time="231312">CalculateField 14_001_WCMC027_Saltmarsh_py_v5 DATE_TYPE "-Y" VB #</Process><Process ToolSource="c:\program files (x86)\arcgis\desktop10.5\ArcToolbox\Toolboxes\Data Management Tools.tbx\CalculateField" Date="20171210" Time="231449">CalculateField 14_001_WCMC027_Saltmarsh_py_v5 DATE_TYPE "YY" VB #</Process><Process ToolSource="c:\program files (x86)\arcgis\desktop10.5\ArcToolbox\Toolboxes\Data Management Tools.tbx\CalculateField" Date="20171210" Time="231542">CalculateField 14_001_WCMC027_Saltmarsh_py_v5 DATE_TYPE "YY" VB #</Process><Process ToolSource="c:\program files (x86)\arcgis\desktop10.5\ArcToolbox\Toolboxes\Data Management Tools.tbx\CalculateField" Date="20171210" Time="231619">CalculateField 14_001_WCMC027_Saltmarsh_py_v5 DATE_TYPE "Y" VB #</Process><Process ToolSource="c:\program files (x86)\arcgis\desktop10.5\ArcToolbox\Toolboxes\Data Management Tools.tbx\CalculateField" Date="20171210" Time="231700">CalculateField 14_001_WCMC027_Saltmarsh_py_v5 DATE_TYPE "Y" VB #</Process><Process ToolSource="c:\program files (x86)\arcgis\desktop10.5\ArcToolbox\Toolboxes\Data Management Tools.tbx\CalculateField" Date="20171210" Time="231739">CalculateField 14_001_WCMC027_Saltmarsh_py_v5 DATE_TYPE "DD" VB #</Process><Process ToolSource="c:\program files (x86)\arcgis\desktop10.5\ArcToolbox\Toolboxes\Data Management Tools.tbx\CalculateField" Date="20171210" Time="231824">CalculateField 14_001_WCMC027_Saltmarsh_py_v5 DATE_TYPE "Y" VB #</Process><Process ToolSource="c:\program files (x86)\arcgis\desktop10.5\ArcToolbox\Toolboxes\Data Management Tools.tbx\CalculateField" Date="20171210" Time="231908">CalculateField 14_001_WCMC027_Saltmarsh_py_v5 DATE_TYPE "OO" VB #</Process><Process ToolSource="c:\program files (x86)\arcgis\desktop10.5\ArcToolbox\Toolboxes\Data Management Tools.tbx\CalculateField" Date="20171210" Time="231943">CalculateField 14_001_WCMC027_Saltmarsh_py_v5 DATE_TYPE "OO" VB #</Process><Process ToolSource="c:\program files (x86)\arcgis\desktop10.5\ArcToolbox\Toolboxes\Data Management Tools.tbx\CalculateField" Date="20171210" Time="232014">CalculateField 14_001_WCMC027_Saltmarsh_py_v5 DATE_TYPE "Y" VB #</Process><Process ToolSource="c:\program files (x86)\arcgis\desktop10.5\ArcToolbox\Toolboxes\Data Management Tools.tbx\CalculateField" Date="20171210" Time="232052">CalculateField 14_001_WCMC027_Saltmarsh_py_v5 DATE_TYPE "O" VB #</Process><Process ToolSource="c:\program files (x86)\arcgis\desktop10.5\ArcToolbox\Toolboxes\Data Management Tools.tbx\CalculateField" Date="20171210" Time="232121">CalculateField 14_001_WCMC027_Saltmarsh_py_v5 DATE_TYPE "Y" VB #</Process><Process ToolSource="c:\program files (x86)\arcgis\desktop10.5\ArcToolbox\Toolboxes\Data Management Tools.tbx\CalculateField" Date="20171210" Time="232148">CalculateField 14_001_WCMC027_Saltmarsh_py_v5 DATE_TYPE "Y" VB #</Process><Process ToolSource="c:\program files (x86)\arcgis\desktop10.5\ArcToolbox\Toolboxes\Data Management Tools.tbx\CalculateField" Date="20171210" Time="232240">CalculateField 14_001_WCMC027_Saltmarsh_py_v5 DATE_TYPE "Y" VB #</Process><Process ToolSource="c:\program files (x86)\arcgis\desktop10.5\ArcToolbox\Toolboxes\Data Management Tools.tbx\CalculateField" Date="20171210" Time="232310">CalculateField 14_001_WCMC027_Saltmarsh_py_v5 DATE_TYPE "OO" VB #</Process><Process ToolSource="c:\program files (x86)\arcgis\desktop10.5\ArcToolbox\Toolboxes\Data Management Tools.tbx\CalculateField" Date="20171210" Time="232332">CalculateField 14_001_WCMC027_Saltmarsh_py_v5 DATE_TYPE "YY" VB #</Process><Process ToolSource="c:\program files (x86)\arcgis\desktop10.5\ArcToolbox\Toolboxes\Data Management Tools.tbx\CalculateField" Date="20171210" Time="232415">CalculateField 14_001_WCMC027_Saltmarsh_py_v5 DATE_TYPE "DD" VB #</Process><Process ToolSource="c:\program files (x86)\arcgis\desktop10.5\ArcToolbox\Toolboxes\Data Management Tools.tbx\CalculateField" Date="20171210" Time="232443">CalculateField 14_001_WCMC027_Saltmarsh_py_v5 DATE_TYPE "DD" VB #</Process><Process ToolSource="c:\program files (x86)\arcgis\desktop10.5\ArcToolbox\Toolboxes\Data Management Tools.tbx\CalculateField" Date="20171210" Time="232504">CalculateField 14_001_WCMC027_Saltmarsh_py_v5 DATE_TYPE "DD" VB #</Process><Process ToolSource="c:\program files (x86)\arcgis\desktop10.5\ArcToolbox\Toolboxes\Data Management Tools.tbx\CalculateField" Date="20171210" Time="232519">CalculateField 14_001_WCMC027_Saltmarsh_py_v5 DATE_TYPE "OO" VB #</Process><Process ToolSource="c:\program files (x86)\arcgis\desktop10.5\ArcToolbox\Toolboxes\Data Management Tools.tbx\CalculateField" Date="20171210" Time="232712">CalculateField 14_001_WCMC027_Saltmarsh_py_v5 ORIG_NAME "Not Reported" VB #</Process><Process ToolSource="c:\program files (x86)\arcgis\desktop10.5\ArcToolbox\Toolboxes\Data Management Tools.tbx\CalculateField" Date="20171210" Time="232847">CalculateField 14_001_WCMC027_Saltmarsh_py_v5 NAME [ORIG_NAME] VB #</Process><Process ToolSource="c:\program files (x86)\arcgis\desktop10.5\ArcToolbox\Toolboxes\Data Management Tools.tbx\CalculateField" Date="20171210" Time="232950">CalculateField 14_001_WCMC027_Saltmarsh_py_v5 NAME "Not Reported" VB #</Process><Process ToolSource="c:\program files (x86)\arcgis\desktop10.5\ArcToolbox\Toolboxes\Data Management Tools.tbx\CalculateField" Date="20171210" Time="233759">CalculateField 14_001_WCMC027_Saltmarsh_py_v5 VERIF "Expert Verified" VB #</Process><Process ToolSource="c:\program files (x86)\arcgis\desktop10.5\ArcToolbox\Toolboxes\Data Management Tools.tbx\CalculateField" Date="20171210" Time="233850">CalculateField 14_001_WCMC027_Saltmarsh_py_v5 VERIF "Expert Verified" VB #</Process><Process ToolSource="c:\program files (x86)\arcgis\desktop10.5\ArcToolbox\Toolboxes\Data Management Tools.tbx\CalculateField" Date="20171210" Time="233940">CalculateField 14_001_WCMC027_Saltmarsh_py_v5 VERIF "Not Reported" VB #</Process><Process ToolSource="c:\program files\arcgis\pro\Resources\ArcToolbox\toolboxes\Data Management Tools.tbx\RepairGeometry" Date="20180321" Time="172257">RepairGeometry 14_001_WCMC027_Saltmarshes_Py_v5 DELETE_NULL OGC</Process><Process ToolSource="c:\program files\arcgis\pro\Resources\ArcToolbox\toolboxes\Data Management Tools.tbx\RepairGeometry" Date="20180327" Time="094552">RepairGeometry 14_001_WCMC027_Saltmarshes_Py_v5 DELETE_NULL OGC</Process><Process ToolSource="c:\program files\arcgis\pro\Resources\ArcToolbox\toolboxes\Data Management Tools.tbx\RepairGeometry" Date="20180403" Time="093334">RepairGeometry 14_001_WCMC027_Saltmarshes_Py_v5 DELETE_NULL OGC</Process><Process Name="Repair Geometry" ToolSource="c:\program files\arcgis\pro\Resources\ArcToolbox\toolboxes\Data Management Tools.tbx\RepairGeometry" Date="20180504" Time="130435">RepairGeometry "C:\Users\OsgurM\OneDrive - WCMC\Data Management\Quality_Checks\Input_Datasets\Input_Datasets.gdb\T14_001_WCMC027_Saltmarshes_Py_v5" DELETE_NULL OGC</Process><Process Name="Repair Geometry" ToolSource="c:\program files\arcgis\pro\Resources\ArcToolbox\toolboxes\Data Management Tools.tbx\RepairGeometry" Date="20180504" Time="162652">RepairGeometry "C:\Users\OsgurM\OneDrive - WCMC\Data Management\Quality_Checks\Input_Datasets\Input_Datasets.gdb\T14_001_WCMC027_Saltmarshes_Py_v5" DELETE_NULL OGC</Process><Process Name="Repair Geometry" ToolSource="c:\program files\arcgis\pro\Resources\ArcToolbox\toolboxes\Data Management Tools.tbx\RepairGeometry" Date="20180525" Time="134325">RepairGeometry "C:\Users\OsgurM\Documents\ArcGIS\Projects\Data Checks\Input_Datasets.gdb\T14_001_WCMC027_Saltmarshes_Py_v5" DELETE_NULL OGC</Process><Process Name="Repair Geometry" ToolSource="c:\program files\arcgis\pro\Resources\ArcToolbox\toolboxes\Data Management Tools.tbx\RepairGeometry" Date="20180530" Time="123736">RepairGeometry "C:\Users\OsgurM\Documents\ArcGIS\Projects\Data Checks\Input_Datasets.gdb\T14_001_WCMC027_Saltmarshes_Py_v5" DELETE_NULL OGC</Process><Process Name="Dice" ToolSource="c:\program files\arcgis\pro\Resources\ArcToolbox\toolboxes\Data Management Tools.tbx\Dice" Date="20180530" Time="123826">Dice "C:\Users\OsgurM\Documents\ArcGIS\Projects\Data Checks\Input_Datasets.gdb\T14_001_WCMC027_Saltmarshes_Py_v5" "C:\Users\OsgurM\Documents\ArcGIS\Projects\Data Checks\INT_DICE.gdb\T14_001_WCMC027_Saltmarshes_Py_v5_Dice" 20000</Process><Process Name="Repair Geometry (2)" ToolSource="c:\program files\arcgis\pro\Resources\ArcToolbox\toolboxes\Data Management Tools.tbx\RepairGeometry" Date="20180530" Time="123940">RepairGeometry "C:\Users\OsgurM\Documents\ArcGIS\Projects\Data Checks\INT_DICE.gdb\T14_001_WCMC027_Saltmarshes_Py_v5_Dice" DELETE_NULL OGC</Process><Process Name="Intersect" ToolSource="c:\program files\arcgis\pro\Resources\ArcToolbox\toolboxes\Analysis Tools.tbx\Intersect" Date="20180530" Time="181601">Intersect "'C:\Users\OsgurM\Documents\ArcGIS\Projects\Data Checks\INT_DICE.gdb\T14_001_WCMC027_Saltmarshes_Py_v5_Dice' #;'C:\Users\OsgurM\Documents\ArcGIS\Projects\Data Checks\EEZ_DIS_ABNJ.shp' #" "C:\Users\OsgurM\Documents\ArcGIS\Projects\Data Checks\INT_DICE.gdb\T14_001_WCMC027_Saltmarshes_Py_v5_DICE_INT" "All attributes" # "Same as input"</Process><Process ToolSource="c:\program files\arcgis\pro\Resources\ArcToolbox\toolboxes\Data Management Tools.tbx\AddField" Date="20180601" Time="120339">AddField "CIMDATA=&lt;CIMStandardDataConnection xsi:type='typens:CIMStandardDataConnection' xmlns:xsi='http://www.w3.org/2001/XMLSchema-instance' xmlns:xs='http://www.w3.org/2001/XMLSchema' xmlns:typens='http://www.esri.com/schemas/ArcGIS/2.1.0'&gt;&lt;WorkspaceConnectionString&gt;DATABASE=C:\Users\OsgurM\Documents\ArcGIS\Projects\Data Checks\INT_DICE.gdb&lt;/WorkspaceConnectionString&gt;&lt;WorkspaceFactory&gt;FileGDB&lt;/WorkspaceFactory&gt;&lt;Dataset&gt;T14_001_WCMC027_Saltmarshes_Py_v5_DICE_INT&lt;/Dataset&gt;&lt;DatasetType&gt;esriDTFeatureClass&lt;/DatasetType&gt;&lt;/CIMStandardDataConnection&gt;" ISO_Test "Long (large integer)" # # # ISO_Test NULLABLE NON_REQUIRED #</Process><Process ToolSource="c:\program files\arcgis\pro\Resources\ArcToolbox\toolboxes\Data Management Tools.tbx\AddField" Date="20180601" Time="120345">AddField "CIMDATA=&lt;CIMStandardDataConnection xsi:type='typens:CIMStandardDataConnection' xmlns:xsi='http://www.w3.org/2001/XMLSchema-instance' xmlns:xs='http://www.w3.org/2001/XMLSchema' xmlns:typens='http://www.esri.com/schemas/ArcGIS/2.1.0'&gt;&lt;WorkspaceConnectionString&gt;DATABASE=C:\Users\OsgurM\Documents\ArcGIS\Projects\Data Checks\INT_DICE.gdb&lt;/WorkspaceConnectionString&gt;&lt;WorkspaceFactory&gt;FileGDB&lt;/WorkspaceFactory&gt;&lt;Dataset&gt;T14_001_WCMC027_Saltmarshes_Py_v5_DICE_INT&lt;/Dataset&gt;&lt;DatasetType&gt;esriDTFeatureClass&lt;/DatasetType&gt;&lt;/CIMStandardDataConnection&gt;" Field "Long (large integer)" # # # Field NULLABLE NON_REQUIRED #</Process><Process ToolSource="c:\program files\arcgis\pro\Resources\ArcToolbox\toolboxes\Data Management Tools.tbx\DeleteField" Date="20180601" Time="120405">DeleteField T14_001_WCMC027_Saltmarshes_Py_v5_DICE_INT Field</Process><Process ToolSource="c:\program files\arcgis\pro\Resources\ArcToolbox\toolboxes\Data Management Tools.tbx\CalculateField" Date="20180601" Time="120602">CalculateField T14_001_WCMC027_Saltmarshes_Py_v5_DICE_INT ISO_Test isSame(!ISO3!,!ISO3_1!) "Python 3" "def isSame(x, y):\n    fieldA = str(x)\n    fieldB = str(y)\n    if fieldA == fieldB:\n        return 1\n    else:\n        return 0"</Process><Process ToolSource="c:\program files\arcgis\pro\Resources\ArcToolbox\toolboxes\Data Management Tools.tbx\CalculateField" Date="20180601" Time="120913">CalculateField T14_001_WCMC027_Saltmarshes_Py_v5_DICE_INT ISO3 !ISO3_1! "Python 3" #</Process><Process ToolSource="c:\program files\arcgis\pro\Resources\ArcToolbox\toolboxes\Data Management Tools.tbx\DeleteField" Date="20180601" Time="121221">DeleteField T14_001_WCMC027_Saltmarshes_Py_v5_DICE_INT FID_EEZ_DIS_ABNJ</Process><Process ToolSource="c:\program files\arcgis\pro\Resources\ArcToolbox\toolboxes\Data Management Tools.tbx\DeleteField" Date="20180601" Time="121232">DeleteField T14_001_WCMC027_Saltmarshes_Py_v5_DICE_INT ISO3_1</Process><Process Name="Repair Geometry" ToolSource="c:\program files\arcgis\pro\Resources\ArcToolbox\toolboxes\Data Management Tools.tbx\RepairGeometry" Date="20180601" Time="140922">RepairGeometry "C:\Users\OsgurM\Documents\ArcGIS\Projects\Data Checks\INT_DICE.gdb\T14_001_WCMC027_Saltmarshes_Py_v5_DICE_INT" DELETE_NULL OGC</Process><Process Name="Dissolve" ToolSource="c:\program files\arcgis\pro\Resources\ArcToolbox\toolboxes\Data Management Tools.tbx\Dissolve" Date="20180601" Time="144152">Dissolve "C:\Users\OsgurM\Documents\ArcGIS\Projects\Data Checks\INT_DICE.gdb\T14_001_WCMC027_Saltmarshes_Py_v5_DICE_INT" "C:\Users\OsgurM\Documents\ArcGIS\Projects\Data Checks\Dissolved.gdb\T14_001_WCMC027_Saltmarshes_Py_v5_DICE_INT_DISS" LAYER_NAME;METADATA_I;PARENT_ISO;ISO3;SUB_LOC;NAME;ORIG_NAME;LOC_DEF;FAMILY;GENUS;SPECIES;DATA_TYPE;SURVEY_MET;START_DATE;END_DATE;DATE_TYPE;PROTECT;PROTECT_FE;VERIF;PROTECT_ST "REP_AREA_K SUM;GIS_AREA_K SUM" MULTI_PART DISSOLVE_LINES</Process><Process Name="Repair Geometry" ToolSource="c:\program files\arcgis\pro\Resources\ArcToolbox\toolboxes\Data Management Tools.tbx\RepairGeometry" Date="20180627" Time="151207">RepairGeometry "C:\Users\OsgurM\OneDrive - WCMC\Data Management\Quality_Checks\Output_Datasets.gdb\WCMC027_Saltmarshes_Py_v6" DELETE_NULL OGC</Process><Process ToolSource="c:\program files\arcgis\pro\Resources\ArcToolbox\toolboxes\Data Management Tools.tbx\AlterField" Date="20180628" Time="101206">AlterField "CIMDATA=&lt;CIMStandardDataConnection xsi:type='typens:CIMStandardDataConnection' xmlns:xsi='http://www.w3.org/2001/XMLSchema-instance' xmlns:xs='http://www.w3.org/2001/XMLSchema' xmlns:typens='http://www.esri.com/schemas/ArcGIS/2.1.0'&gt;&lt;WorkspaceConnectionString&gt;DATABASE=C:\Users\OsgurM\OneDrive - WCMC\Data Management\Quality_Checks\Output_Datasets.gdb&lt;/WorkspaceConnectionString&gt;&lt;WorkspaceFactory&gt;FileGDB&lt;/WorkspaceFactory&gt;&lt;Dataset&gt;WCMC027_Saltmarshes_Py_v6&lt;/Dataset&gt;&lt;DatasetType&gt;esriDTFeatureClass&lt;/DatasetType&gt;&lt;/CIMStandardDataConnection&gt;" SUM_REP_AREA_K REP_AREA_KM2 # "Double  (double precision)" 8 NULLABLE false</Process><Process ToolSource="c:\program files\arcgis\pro\Resources\ArcToolbox\toolboxes\Data Management Tools.tbx\AlterField" Date="20180628" Time="101207">AlterField "CIMDATA=&lt;CIMStandardDataConnection xsi:type='typens:CIMStandardDataConnection' xmlns:xsi='http://www.w3.org/2001/XMLSchema-instance' xmlns:xs='http://www.w3.org/2001/XMLSchema' xmlns:typens='http://www.esri.com/schemas/ArcGIS/2.1.0'&gt;&lt;WorkspaceConnectionString&gt;DATABASE=C:\Users\OsgurM\OneDrive - WCMC\Data Management\Quality_Checks\Output_Datasets.gdb&lt;/WorkspaceConnectionString&gt;&lt;WorkspaceFactory&gt;FileGDB&lt;/WorkspaceFactory&gt;&lt;Dataset&gt;WCMC027_Saltmarshes_Py_v6&lt;/Dataset&gt;&lt;DatasetType&gt;esriDTFeatureClass&lt;/DatasetType&gt;&lt;/CIMStandardDataConnection&gt;" SUM_GIS_AREA_K GIS_AREA_KM2 # "Double  (double precision)" 8 NULLABLE false</Process><Process ToolSource="c:\program files\arcgis\pro\Resources\ArcToolbox\toolboxes\Data Management Tools.tbx\CopyFeatures" Date="20180629" Time="102315">CopyFeatures WCMC027_Saltmarshes_Py_v6 P:\PROGRAMMES\MARINE\Data\_WCMC-OceanDataViewer-Datasets\WCMC-027-GlobalDistributionOfSaltmarsh\14_001_WCMC027_Saltmarsh_v6\01_Data\WCMC027_Saltmarshes_Py_v6.shp # # # #</Process><Process ToolSource="c:\program files\arcgis\pro\Resources\ArcToolbox\Toolboxes\Data Management Tools.tbx\DeleteField" Date="20180727" Time="143917">DeleteField WCMC027_Saltmarshes_Py_v6 REP_AREA_K</Process><Process ToolSource="c:\program files\arcgis\pro\Resources\ArcToolbox\Toolboxes\Data Management Tools.tbx\UpdateSchema" Date="20180727" Time="143956">UpdateSchema "CIMDATA=&lt;CIMStandardDataConnection xsi:type='typens:CIMStandardDataConnection' xmlns:xsi='http://www.w3.org/2001/XMLSchema-instance' xmlns:xs='http://www.w3.org/2001/XMLSchema' xmlns:typens='http://www.esri.com/schemas/ArcGIS/2.2.0'&gt;&lt;WorkspaceConnectionString&gt;DATABASE=P:\PROGRAMMES\MARINE\Data\_WCMC-OceanDataViewer-Datasets\WCMC-027-GlobalDistributionOfSaltmarsh\14_001_WCMC027_Saltmarsh_v6\01_Data&lt;/WorkspaceConnectionString&gt;&lt;WorkspaceFactory&gt;Shapefile&lt;/WorkspaceFactory&gt;&lt;Dataset&gt;WCMC027_Saltmarshes_Py_v6.shp&lt;/Dataset&gt;&lt;DatasetType&gt;esriDTAny&lt;/DatasetType&gt;&lt;/CIMStandardDataConnection&gt;" &lt;operationSequence&gt;&lt;workflow&gt;&lt;AddField&gt;&lt;field_name&gt;REP_AREA_K&lt;/field_name&gt;&lt;field_type&gt;TEXT&lt;/field_type&gt;&lt;field_length&gt;255&lt;/field_length&gt;&lt;field_is_nullable&gt;False&lt;/field_is_nullable&gt;&lt;field_is_required&gt;False&lt;/field_is_required&gt;&lt;/AddField&gt;&lt;/workflow&gt;&lt;/operationSequence&gt;</Process><Process ToolSource="c:\program files\arcgis\pro\Resources\ArcToolbox\toolboxes\Data Management Tools.tbx\CalculateGeometryAttributes" Date="20180727" Time="162804">CalculateGeometryAttributes WCMC027_Saltmarshes_Py_v6 "GIS_AREA_K AREA_GEODESIC" # "Square kilometers" PROJCS['World_Mollweide',GEOGCS['GCS_WGS_1984',DATUM['D_WGS_1984',SPHEROID['WGS_1984',6378137.0,298.257223563]],PRIMEM['Greenwich',0.0],UNIT['Degree',0.0174532925199433]],PROJECTION['Mollweide'],PARAMETER['False_Easting',0.0],PARAMETER['False_Northing',0.0],PARAMETER['Central_Meridian',0.0],UNIT['Meter',1.0]]</Process><Process ToolSource="c:\program files\arcgis\pro\Resources\ArcToolbox\Toolboxes\Data Management Tools.tbx\CalculateField" Date="20180727" Time="162943">CalculateField WCMC027_Saltmarshes_Py_v6 REP_AREA_K "Not Reported" "Python 3" #</Process><Process ToolSource="c:\users\sarap\appdata\local\programs\arcgis\pro\Resources\ArcToolbox\Toolboxes\Data Management Tools.tbx\UpdateSchema" Date="20210323" Time="100457">UpdateSchema "CIMDATA=&lt;CIMStandardDataConnection xsi:type='typens:CIMStandardDataConnection' xmlns:xsi='http://www.w3.org/2001/XMLSchema-instance' xmlns:xs='http://www.w3.org/2001/XMLSchema' xmlns:typens='http://www.esri.com/schemas/ArcGIS/2.7.0'&gt;&lt;WorkspaceConnectionString&gt;DATABASE=C:\Users\Sarap\Documents\_Data_for_analysis\Marine habitats\WCMC027_Saltmarsh_v6\14_001_WCMC027_Saltmarsh_v6\01_Data&lt;/WorkspaceConnectionString&gt;&lt;WorkspaceFactory&gt;Shapefile&lt;/WorkspaceFactory&gt;&lt;Dataset&gt;WCMC027_Saltmarshes_Py_v6.shp&lt;/Dataset&gt;&lt;DatasetType&gt;esriDTFeatureClass&lt;/DatasetType&gt;&lt;/CIMStandardDataConnection&gt;" &lt;operationSequence&gt;&lt;workflow&gt;&lt;DeleteField&gt;&lt;field_name&gt;PARENT_ISO&lt;/field_name&gt;&lt;field_name&gt;ISO3&lt;/field_name&gt;&lt;/DeleteField&gt;&lt;/workflow&gt;&lt;/operationSequence&gt;</Process><Process ToolSource="c:\users\sarap\appdata\local\programs\arcgis\pro\Resources\ArcToolbox\toolboxes\Conversion Tools.tbx\FeatureClassToFeatureClass" Date="20210323" Time="100637">FeatureClassToFeatureClass WCMC027_Saltmarshes_Py_v6 "C:\Users\Sarap\Documents\_Data_for_analysis\Marine habitats\WCMC027_Saltmarsh_v6\14_001_WCMC027_Saltmarsh_v6\01_Data" WCMC027_Saltmarshes_Py_v7.shp # "LAYER_NAME "LAYER_NAME" true true false 50 Text 0 0,First,#,WCMC027_Saltmarshes_Py_v6,LAYER_NAME,0,50;METADATA_I "METADATA_I" true true false 19 Double 0 0,First,#,WCMC027_Saltmarshes_Py_v6,METADATA_I,-1,-1;SUB_LOC "SUB_LOC" true true false 50 Text 0 0,First,#,WCMC027_Saltmarshes_Py_v6,SUB_LOC,0,50;NAME "NAME" true true false 50 Text 0 0,First,#,WCMC027_Saltmarshes_Py_v6,NAME,0,50;ORIG_NAME "ORIG_NAME" true true false 50 Text 0 0,First,#,WCMC027_Saltmarshes_Py_v6,ORIG_NAME,0,50;LOC_DEF "LOC_DEF" true true false 50 Text 0 0,First,#,WCMC027_Saltmarshes_Py_v6,LOC_DEF,0,50;FAMILY "FAMILY" true true false 50 Text 0 0,First,#,WCMC027_Saltmarshes_Py_v6,FAMILY,0,50;GENUS "GENUS" true true false 50 Text 0 0,First,#,WCMC027_Saltmarshes_Py_v6,GENUS,0,50;SPECIES "SPECIES" true true false 50 Text 0 0,First,#,WCMC027_Saltmarshes_Py_v6,SPECIES,0,50;DATA_TYPE "DATA_TYPE" true true false 50 Text 0 0,First,#,WCMC027_Saltmarshes_Py_v6,DATA_TYPE,0,50;SURVEY_MET "SURVEY_MET" true true false 50 Text 0 0,First,#,WCMC027_Saltmarshes_Py_v6,SURVEY_MET,0,50;START_DATE "START_DATE" true true false 50 Text 0 0,First,#,WCMC027_Saltmarshes_Py_v6,START_DATE,0,50;END_DATE "END_DATE" true true false 50 Text 0 0,First,#,WCMC027_Saltmarshes_Py_v6,END_DATE,0,50;DATE_TYPE "DATE_TYPE" true true false 50 Text 0 0,First,#,WCMC027_Saltmarshes_Py_v6,DATE_TYPE,0,50;PROTECT "PROTECT" true true false 19 Double 0 0,First,#,WCMC027_Saltmarshes_Py_v6,PROTECT,-1,-1;PROTECT_FE "PROTECT_FE" true true false 19 Double 0 0,First,#,WCMC027_Saltmarshes_Py_v6,PROTECT_FE,-1,-1;VERIF "VERIF" true true false 50 Text 0 0,First,#,WCMC027_Saltmarshes_Py_v6,VERIF,0,50;PROTECT_ST "PROTECT_ST" true true false 254 Text 0 0,First,#,WCMC027_Saltmarshes_Py_v6,PROTECT_ST,0,254;GIS_AREA_K "GIS_AREA_K" true true false 19 Double 0 0,First,#,WCMC027_Saltmarshes_Py_v6,GIS_AREA_K,-1,-1;Shape_Leng "Shape_Leng" true true false 19 Double 0 0,First,#,WCMC027_Saltmarshes_Py_v6,Shape_Leng,-1,-1;Shape_Area "Shape_Area" true true false 19 Double 0 0,First,#,WCMC027_Saltmarshes_Py_v6,Shape_Area,-1,-1;REP_AREA_K "REP_AREA_K" true true false 254 Text 0 0,First,#,WCMC027_Saltmarshes_Py_v6,REP_AREA_K,0,254" #</Process><Process ToolSource="c:\users\sarap\appdata\local\programs\arcgis\pro\Resources\ArcToolbox\Toolboxes\Data Management Tools.tbx\UpdateSchema" Date="20210325" Time="104343">UpdateSchema "CIMDATA=&lt;CIMStandardDataConnection xsi:type='typens:CIMStandardDataConnection' xmlns:xsi='http://www.w3.org/2001/XMLSchema-instance' xmlns:xs='http://www.w3.org/2001/XMLSchema' xmlns:typens='http://www.esri.com/schemas/ArcGIS/2.7.0'&gt;&lt;WorkspaceConnectionString&gt;DATABASE=O:\f00_data\WCMC-027-GlobalDistributionOfSaltmarsh\WCMC027_Saltmarsh_v6_1\01_Data&lt;/WorkspaceConnectionString&gt;&lt;WorkspaceFactory&gt;Shapefile&lt;/WorkspaceFactory&gt;&lt;Dataset&gt;WCMC027_Saltmarshes_Py_v6_1.shp&lt;/Dataset&gt;&lt;DatasetType&gt;esriDTFeatureClass&lt;/DatasetType&gt;&lt;/CIMStandardDataConnection&gt;" &lt;operationSequence&gt;&lt;workflow&gt;&lt;DeleteField&gt;&lt;field_name&gt;SUB_LOC&lt;/field_name&gt;&lt;/DeleteField&gt;&lt;/workflow&gt;&lt;/operationSequence&gt;</Process><Process ToolSource="c:\users\florencia\appdata\local\programs\arcgis\pro\Resources\ArcToolbox\toolboxes\Data Management Tools.tbx\DeleteField" Date="20210330" Time="130426">DeleteField O:\f00_data\WCMC-027-GlobalDistributionOfSaltmarsh\WCMC027_Saltmarsh_v6_1\01_Data\WCMC027_Saltmarshes_Py_v6_1.shp PROTECT;PROTECT_FE;PROTECT_ST</Process><Process ToolSource="c:\program files\arcgis\pro\Resources\ArcToolbox\toolboxes\Analysis Tools.tbx\Clip" Date="20251021" Time="093140">Clip WCMC027_Saltmarshes_Py_v6_1 "Sample Subsea Cable System\Study Area" "C:\Users\geolo\Documents\ArcGIS\Projects\Real-World Coastal GIS Analysis\Real-World Coastal GIS Analysis.gdb\WCMC027_Saltmarshes_Py__Clip" #</Process><Process ToolSource="c:\program files\arcgis\pro\Resources\ArcToolbox\toolboxes\Data Management Tools.tbx\CopyFeatures" Date="20251024" Time="041900">CopyFeatures "Project 2: Hazard and Risk Assessment\Saltmarshes and Coral Reef\Saltmarshes (WCMC)" "C:\Users\geolo\Desktop\GIS Portfolio\GIS_Portfolio_Projects_Templates\Project_2_HazardRiskOverlay\ClippedSaltmarshCoral\Saltmarshes (WCMC).shp" # # # #</Process></lineage><itemProps><itemLocation><linkage Sync="TRUE">file://\\DIGITALMAMA\C$\Users\geolo\Desktop\GIS Portfolio\GIS_Portfolio_Projects_Templates\Project_2_HazardRiskOverlay\ClippedSaltmarshCoral\Saltmarshes (WCMC).shp</linkage><protocol Sync="TRUE">Local Area Network</protocol></itemLocation><itemName Sync="TRUE">Saltmarshes (WCMC)</itemName><imsContentType Sync="TRUE">002</imsContentType><itemSize Sync="TRUE">0.000</itemSize></itemProps><coordRef><type Sync="TRUE">Geographic</type><geogcsn Sync="TRUE">GCS_WGS_1984</geogcsn><csUnits Sync="TRUE">Angular Unit: Degree (0.017453)</csUnits><peXml Sync="TRUE">&lt;GeographicCoordinateSystem xsi:type='typens:GeographicCoordinateSystem' xmlns:xsi='http://www.w3.org/2001/XMLSchema-instance' xmlns:xs='http://www.w3.org/2001/XMLSchema' xmlns:typens='http://www.esri.com/schemas/ArcGIS/3.5.0'&gt;&lt;WKT&gt;GEOGCS[&amp;quot;GCS_WGS_1984&amp;quot;,DATUM[&amp;quot;D_WGS_1984&amp;quot;,SPHEROID[&amp;quot;WGS_1984&amp;quot;,6378137.0,298.257223563]],PRIMEM[&amp;quot;Greenwich&amp;quot;,0.0],UNIT[&amp;quot;Degree&amp;quot;,0.0174532925199433],AUTHORITY[&amp;quot;EPSG&amp;quot;,4326]]&lt;/WKT&gt;&lt;XOrigin&gt;-400&lt;/XOrigin&gt;&lt;YOrigin&gt;-400&lt;/YOrigin&gt;&lt;XYScale&gt;11258999068426.238&lt;/XYScale&gt;&lt;ZOrigin&gt;-100000&lt;/ZOrigin&gt;&lt;ZScale&gt;10000&lt;/ZScale&gt;&lt;MOrigin&gt;-100000&lt;/MOrigin&gt;&lt;MScale&gt;10000&lt;/MScale&gt;&lt;XYTolerance&gt;8.983152841195215e-09&lt;/XYTolerance&gt;&lt;ZTolerance&gt;0.001&lt;/ZTolerance&gt;&lt;MTolerance&gt;0.001&lt;/MTolerance&gt;&lt;HighPrecision&gt;true&lt;/HighPrecision&gt;&lt;LeftLongitude&gt;-180&lt;/LeftLongitude&gt;&lt;WKID&gt;4326&lt;/WKID&gt;&lt;LatestWKID&gt;4326&lt;/LatestWKID&gt;&lt;/GeographicCoordinateSystem&gt;</peXml></coordRef></DataProperties><SyncDate>20251024</SyncDate><SyncTime>04190000</SyncTime><ModDate>20251024</ModDate><ModTime>04190000</ModTime></Esri><dataIdInfo><envirDesc Sync="TRUE">Microsoft Windows 10 Version 10.0 (Build 26200) ; Esri ArcGIS 13.5.3.57366</envirDesc><dataLang><languageCode value="eng" Sync="TRUE"></languageCode><countryCode value="USA" Sync="TRUE"></countryCode></dataLang><idCitation><resTitle Sync="TRUE">Saltmarshes (WCMC)</resTitle><presForm><PresFormCd value="005" Sync="TRUE"></PresFormCd></presForm></idCitation><spatRpType><SpatRepTypCd value="001" Sync="TRUE"></SpatRepTypCd></spatRpType></dataIdInfo><mdLang><languageCode value="eng" Sync="TRUE"></languageCode><countryCode value="USA" Sync="TRUE"></countryCode></mdLang><distInfo><distFormat><formatName Sync="TRUE">Shapefile</formatName></distFormat><distTranOps><transSize Sync="TRUE">0.000</transSize></distTranOps></distInfo><mdHrLv><ScopeCd value="005" Sync="TRUE"></ScopeCd></mdHrLv><mdHrLvName Sync="TRUE">dataset</mdHrLvName><refSysInfo><RefSystem><refSysID><identCode code="4326" Sync="TRUE"></identCode><idCodeSpace Sync="TRUE">EPSG</idCodeSpace><idVersion Sync="TRUE">6.2(3.0.1)</idVersion></refSysID></RefSystem></refSysInfo><spatRepInfo><VectSpatRep><geometObjs Name="Saltmarshes (WCMC)"><geoObjTyp><GeoObjTypCd value="002" Sync="TRUE"></GeoObjTypCd></geoObjTyp><geoObjCnt Sync="TRUE">0</geoObjCnt></geometObjs><topLvl><TopoLevCd value="001" Sync="TRUE"></TopoLevCd></topLvl></VectSpatRep></spatRepInfo><spdoinfo><ptvctinf><esriterm Name="Saltmarshes (WCMC)"><efeatyp Sync="TRUE">Simple</efeatyp><efeageom code="4" Sync="TRUE"></efeageom><esritopo Sync="TRUE">FALSE</esritopo><efeacnt Sync="TRUE">0</efeacnt><spindex Sync="TRUE">FALSE</spindex><linrefer Sync="TRUE">FALSE</linrefer></esriterm></ptvctinf></spdoinfo><eainfo><detailed Name="Saltmarshes (WCMC)"><enttyp><enttypl Sync="TRUE">Saltmarshes (WCMC)</enttypl><enttypt Sync="TRUE">Feature Class</enttypt><enttypc Sync="TRUE">0</enttypc></enttyp><attr><attrlabl Sync="TRUE">FID</attrlabl><attalias Sync="TRUE">FID</attalias><attrtype Sync="TRUE">OID</attrtype><attwidth Sync="TRUE">4</attwidth><atprecis Sync="TRUE">0</atprecis><attscale Sync="TRUE">0</attscale><attrdef Sync="TRUE">Internal feature number.</attrdef><attrdefs Sync="TRUE">Esri</attrdefs><attrdomv><udom Sync="TRUE">Sequential unique whole numbers that are automatically generated.</udom></attrdomv></attr><attr><attrlabl Sync="TRUE">Shape</attrlabl><attalias Sync="TRUE">Shape</attalias><attrtype Sync="TRUE">Geometry</attrtype><attwidth Sync="TRUE">0</attwidth><atprecis Sync="TRUE">0</atprecis><attscale Sync="TRUE">0</attscale><attrdef Sync="TRUE">Feature geometry.</attrdef><attrdefs Sync="TRUE">Esri</attrdefs><attrdomv><udom Sync="TRUE">Coordinates defining the features.</udom></attrdomv></attr><attr><attrlabl Sync="TRUE">LAYER_NAME</attrlabl><attalias Sync="TRUE">LAYER_NAME</attalias><attrtype Sync="TRUE">String</attrtype><attwidth Sync="TRUE">50</attwidth><atprecis Sync="TRUE">0</atprecis><attscale Sync="TRUE">0</attscale></attr><attr><attrlabl Sync="TRUE">METADATA_I</attrlabl><attalias Sync="TRUE">METADATA_I</attalias><attrtype Sync="TRUE">Double</attrtype><attwidth Sync="TRUE">19</attwidth><atprecis Sync="TRUE">0</atprecis><attscale Sync="TRUE">0</attscale></attr><attr><attrlabl Sync="TRUE">NAME</attrlabl><attalias Sync="TRUE">NAME</attalias><attrtype Sync="TRUE">String</attrtype><attwidth Sync="TRUE">50</attwidth><atprecis Sync="TRUE">0</atprecis><attscale Sync="TRUE">0</attscale></attr><attr><attrlabl Sync="TRUE">ORIG_NAME</attrlabl><attalias Sync="TRUE">ORIG_NAME</attalias><attrtype Sync="TRUE">String</attrtype><attwidth Sync="TRUE">50</attwidth><atprecis Sync="TRUE">0</atprecis><attscale Sync="TRUE">0</attscale></attr><attr><attrlabl Sync="TRUE">LOC_DEF</attrlabl><attalias Sync="TRUE">LOC_DEF</attalias><attrtype Sync="TRUE">String</attrtype><attwidth Sync="TRUE">50</attwidth><atprecis Sync="TRUE">0</atprecis><attscale Sync="TRUE">0</attscale></attr><attr><attrlabl Sync="TRUE">FAMILY</attrlabl><attalias Sync="TRUE">FAMILY</attalias><attrtype Sync="TRUE">String</attrtype><attwidth Sync="TRUE">50</attwidth><atprecis Sync="TRUE">0</atprecis><attscale Sync="TRUE">0</attscale></attr><attr><attrlabl Sync="TRUE">GENUS</attrlabl><attalias Sync="TRUE">GENUS</attalias><attrtype Sync="TRUE">String</attrtype><attwidth Sync="TRUE">50</attwidth><atprecis Sync="TRUE">0</atprecis><attscale Sync="TRUE">0</attscale></attr><attr><attrlabl Sync="TRUE">SPECIES</attrlabl><attalias Sync="TRUE">SPECIES</attalias><attrtype Sync="TRUE">String</attrtype><attwidth Sync="TRUE">50</attwidth><atprecis Sync="TRUE">0</atprecis><attscale Sync="TRUE">0</attscale></attr><attr><attrlabl Sync="TRUE">DATA_TYPE</attrlabl><attalias Sync="TRUE">DATA_TYPE</attalias><attrtype Sync="TRUE">String</attrtype><attwidth Sync="TRUE">50</attwidth><atprecis Sync="TRUE">0</atprecis><attscale Sync="TRUE">0</attscale></attr><attr><attrlabl Sync="TRUE">SURVEY_MET</attrlabl><attalias Sync="TRUE">SURVEY_MET</attalias><attrtype Sync="TRUE">String</attrtype><attwidth Sync="TRUE">50</attwidth><atprecis Sync="TRUE">0</atprecis><attscale Sync="TRUE">0</attscale></attr><attr><attrlabl Sync="TRUE">START_DATE</attrlabl><attalias Sync="TRUE">START_DATE</attalias><attrtype Sync="TRUE">String</attrtype><attwidth Sync="TRUE">50</attwidth><atprecis Sync="TRUE">0</atprecis><attscale Sync="TRUE">0</attscale></attr><attr><attrlabl Sync="TRUE">END_DATE</attrlabl><attalias Sync="TRUE">END_DATE</attalias><attrtype Sync="TRUE">String</attrtype><attwidth Sync="TRUE">50</attwidth><atprecis Sync="TRUE">0</atprecis><attscale Sync="TRUE">0</attscale></attr><attr><attrlabl Sync="TRUE">DATE_TYPE</attrlabl><attalias Sync="TRUE">DATE_TYPE</attalias><attrtype Sync="TRUE">String</attrtype><attwidth Sync="TRUE">50</attwidth><atprecis Sync="TRUE">0</atprecis><attscale Sync="TRUE">0</attscale></attr><attr><attrlabl Sync="TRUE">VERIF</attrlabl><attalias Sync="TRUE">VERIF</attalias><attrtype Sync="TRUE">String</attrtype><attwidth Sync="TRUE">50</attwidth><atprecis Sync="TRUE">0</atprecis><attscale Sync="TRUE">0</attscale></attr><attr><attrlabl Sync="TRUE">REP_AREA_K</attrlabl><attalias Sync="TRUE">REP_AREA_K</attalias><attrtype Sync="TRUE">String</attrtype><attwidth Sync="TRUE">254</attwidth><atprecis Sync="TRUE">0</atprecis><attscale Sync="TRUE">0</attscale></attr><attr><attrlabl Sync="TRUE">GIS_AREA_K</attrlabl><attalias Sync="TRUE">GIS_AREA_K</attalias><attrtype Sync="TRUE">Double</attrtype><attwidth Sync="TRUE">19</attwidth><atprecis Sync="TRUE">0</atprecis><attscale Sync="TRUE">0</attscale></attr><attr><attrlabl Sync="TRUE">Shape_Leng</attrlabl><attalias Sync="TRUE">Shape_Leng</attalias><attrtype Sync="TRUE">Double</attrtype><attwidth Sync="TRUE">19</attwidth><atprecis Sync="TRUE">0</atprecis><attscale Sync="TRUE">0</attscale></attr><attr><attrlabl Sync="TRUE">Shape_Le_1</attrlabl><attalias Sync="TRUE">Shape_Le_1</attalias><attrtype Sync="TRUE">Double</attrtype><attwidth Sync="TRUE">19</attwidth><atprecis Sync="TRUE">0</atprecis><attscale Sync="TRUE">0</attscale></attr><attr><attrlabl Sync="TRUE">Shape_Area</attrlabl><attalias Sync="TRUE">Shape_Area</attalias><attrtype Sync="TRUE">Double</attrtype><attwidth Sync="TRUE">19</attwidth><atprecis Sync="TRUE">0</atprecis><attscale Sync="TRUE">0</attscale><attrdef Sync="TRUE">Area of feature in internal units squared.</attrdef><attrdefs Sync="TRUE">Esri</attrdefs><attrdomv><udom Sync="TRUE">Positive real numbers that are automatically generated.</udom></attrdomv></attr></detailed></eainfo><mdDateSt Sync="TRUE">20251024</mdDateSt></metadata>
