<metadata xml:lang="en"><Esri><CreaDate>20171208</CreaDate><CreaTime>14465200</CreaTime><ArcGISFormat>1.0</ArcGISFormat><SyncOnce>FALSE</SyncOnce><DataProperties><lineage><Process ToolSource="c:\program files (x86)\arcgis\desktop10.3\ArcToolbox\Toolboxes\Data Management Tools.tbx\CalculateField" Date="20170912" Time="143812">CalculateField Cold_corals_poly_new_schema LAYER_NAME "CWC" VB #</Process><Process ToolSource="c:\program files (x86)\arcgis\desktop10.3\ArcToolbox\Toolboxes\Data Management Tools.tbx\CalculateField" Date="20170912" Time="143826">CalculateField Cold_corals_poly_new_schema PARENT_ISO3 [ISO3] VB #</Process><Process ToolSource="c:\program files (x86)\arcgis\desktop10.3\ArcToolbox\Toolboxes\Data Management Tools.tbx\CalculateField" Date="20170912" Time="144522">CalculateField Cold_corals_poly_new_schema PARENT_ISO3 "ABNJ" VB #</Process><Process ToolSource="c:\program files (x86)\arcgis\desktop10.3\ArcToolbox\Toolboxes\Data Management Tools.tbx\CalculateField" Date="20170912" Time="144538">CalculateField Cold_corals_poly_new_schema ISO3 "ABNJ" VB #</Process><Process ToolSource="c:\program files (x86)\arcgis\desktop10.3\ArcToolbox\Toolboxes\Data Management Tools.tbx\CalculateField" Date="20170912" Time="161819">CalculateField Cold_corals_poly_new_schema NAME "Not Reported" VB #</Process><Process ToolSource="c:\program files (x86)\arcgis\desktop10.3\ArcToolbox\Toolboxes\Data Management Tools.tbx\CalculateField" Date="20170912" Time="161834">CalculateField Cold_corals_poly_new_schema ORIG_NAME "Not Reported" VB #</Process><Process ToolSource="c:\program files (x86)\arcgis\desktop10.3\ArcToolbox\Toolboxes\Data Management Tools.tbx\CalculateField" Date="20170912" Time="162056">CalculateField Cold_corals_poly_new_schema DEPTH_MIN "Not Reported" VB #</Process><Process ToolSource="c:\program files (x86)\arcgis\desktop10.3\ArcToolbox\Toolboxes\Data Management Tools.tbx\CalculateField" Date="20170912" Time="162131">CalculateField Cold_corals_poly_new_schema DEPTH_MIN 0 VB #</Process><Process ToolSource="c:\program files (x86)\arcgis\desktop10.3\ArcToolbox\Toolboxes\Data Management Tools.tbx\CalculateField" Date="20170912" Time="162149">CalculateField Cold_corals_poly_new_schema DEPTH_MAX 0 VB #</Process><Process ToolSource="c:\program files (x86)\arcgis\desktop10.3\ArcToolbox\Toolboxes\Data Management Tools.tbx\CalculateField" Date="20170912" Time="164336">CalculateField Cold_corals_poly_new_schema PROTECT 2 VB #</Process><Process ToolSource="c:\program files (x86)\arcgis\desktop10.3\ArcToolbox\Toolboxes\Data Management Tools.tbx\CalculateField" Date="20170912" Time="164614">CalculateField Cold_corals_poly_new_schema PROTECT 1 VB #</Process><Process ToolSource="c:\program files (x86)\arcgis\desktop10.3\ArcToolbox\Toolboxes\Data Management Tools.tbx\CalculateField" Date="20170912" Time="164632">CalculateField Cold_corals_poly_new_schema PROTECT 0 VB #</Process><Process ToolSource="c:\program files (x86)\arcgis\desktop10.3\ArcToolbox\Toolboxes\Data Management Tools.tbx\CalculateField" Date="20170912" Time="164719">CalculateField Cold_corals_poly_new_schema VERIF "Not Reported" VB #</Process><Process ToolSource="c:\program files (x86)\arcgis\desktop10.3\ArcToolbox\Toolboxes\Data Management Tools.tbx\CalculateField" Date="20170913" Time="095952">CalculateField Cold_corals_poly_new_schema PROTECT_FEAT 0 VB #</Process><Process ToolSource="c:\program files (x86)\arcgis\desktop10.3\ArcToolbox\Toolboxes\Data Management Tools.tbx\CalculateField" Date="20170913" Time="103740">CalculateField Cold_corals_poly_new_schema PROTECT_STAT "Marine Protected Area (OSPAR)" VB #</Process><Process ToolSource="c:\program files (x86)\arcgis\desktop10.3\ArcToolbox\Toolboxes\Data Management Tools.tbx\CalculateField" Date="20170913" Time="114651">CalculateField Cold_corals_poly_new_schema PROTECT_STAT "Marine Protected Area (OSPAR)" VB #</Process><Process ToolSource="c:\program files (x86)\arcgis\desktop10.3\ArcToolbox\Toolboxes\Data Management Tools.tbx\CalculateField" Date="20170913" Time="114834">CalculateField Cold_corals_poly_new_schema PROTECT_STAT "Site of Community Importance (Habitats Directive)" VB #</Process><Process ToolSource="c:\program files (x86)\arcgis\desktop10.3\ArcToolbox\Toolboxes\Data Management Tools.tbx\CalculateField" Date="20170913" Time="114954">CalculateField Cold_corals_poly_new_schema PROTECT_STAT "Marine Protected Area (OSPAR)" VB #</Process><Process ToolSource="c:\program files (x86)\arcgis\desktop10.3\ArcToolbox\Toolboxes\Data Management Tools.tbx\CalculateField" Date="20170913" Time="115050">CalculateField Cold_corals_poly_new_schema PROTECT_STAT "Site of Community Importance (Habitats Directive)" VB #</Process><Process ToolSource="c:\program files (x86)\arcgis\desktop10.3\ArcToolbox\Toolboxes\Data Management Tools.tbx\CalculateField" Date="20170913" Time="115121">CalculateField Cold_corals_poly_new_schema PROTECT_STAT "Site of Community Importance (Habitats Directive)" VB #</Process><Process ToolSource="c:\program files (x86)\arcgis\desktop10.3\ArcToolbox\Toolboxes\Data Management Tools.tbx\CalculateField" Date="20170913" Time="115220">CalculateField Cold_corals_poly_new_schema PROTECT_STAT "Marine Protected Area (OSPAR); Marine Conservation Zone" VB #</Process><Process ToolSource="c:\program files (x86)\arcgis\desktop10.3\ArcToolbox\Toolboxes\Data Management Tools.tbx\CalculateField" Date="20170913" Time="115451">CalculateField Cold_corals_poly_new_schema PROTECT_STAT "Marine Protected Area (OSPAR); Site of Community Importance (Habitats Directive)" VB #</Process><Process ToolSource="c:\program files (x86)\arcgis\desktop10.3\ArcToolbox\Toolboxes\Data Management Tools.tbx\CalculateField" Date="20170913" Time="115552">CalculateField Cold_corals_poly_new_schema PROTECT_STAT "Marine Protected Area (OSPAR); Site of Community Importance (Habitats Directive)" VB #</Process><Process ToolSource="c:\program files (x86)\arcgis\desktop10.3\ArcToolbox\Toolboxes\Data Management Tools.tbx\CalculateField" Date="20170913" Time="115648">CalculateField Cold_corals_poly_new_schema PROTECT_STAT "Marine Protected Area (OSPAR); Site of Community Importance (Habitats Directive)" VB #</Process><Process ToolSource="c:\program files (x86)\arcgis\desktop10.3\ArcToolbox\Toolboxes\Data Management Tools.tbx\CalculateField" Date="20170913" Time="115823">CalculateField Cold_corals_poly_new_schema PROTECT_STAT "Site of Community Importance (Habitats Directive)" VB #</Process><Process ToolSource="c:\program files (x86)\arcgis\desktop10.3\ArcToolbox\Toolboxes\Data Management Tools.tbx\CalculateField" Date="20170913" Time="115939">CalculateField Cold_corals_poly_new_schema PROTECT_STAT "Marine Protected Areas (OSPAR); Site of Community Importance (Habitats Directive)" VB #</Process><Process ToolSource="c:\program files (x86)\arcgis\desktop10.3\ArcToolbox\Toolboxes\Data Management Tools.tbx\CalculateField" Date="20170913" Time="120043">CalculateField Cold_corals_poly_new_schema PROTECT_STAT "Marine Protected Areas (OSPAR); Site of Community Importance (Habitats Directive)" VB #</Process><Process ToolSource="c:\program files (x86)\arcgis\desktop10.3\ArcToolbox\Toolboxes\Data Management Tools.tbx\CalculateField" Date="20170913" Time="120221">CalculateField Cold_corals_poly_new_schema PROTECT_STAT "Nature Reserve" VB #</Process><Process ToolSource="c:\program files (x86)\arcgis\desktop10.3\ArcToolbox\Toolboxes\Data Management Tools.tbx\CalculateField" Date="20171018" Time="144928">CalculateField Cold_corals_poly_new_schema SUB_LOC "Not Reported" VB #</Process><Process ToolSource="c:\program files (x86)\arcgis\desktop10.3\ArcToolbox\Toolboxes\Data Management Tools.tbx\CalculateField" Date="20171018" Time="145047">CalculateField Cold_corals_poly_new_schema LOC_DEF "Not Reported" VB #</Process><Process ToolSource="c:\program files (x86)\arcgis\desktop10.3\ArcToolbox\Toolboxes\Data Management Tools.tbx\CalculateField" Date="20171018" Time="145052">CalculateField Cold_corals_poly_new_schema FAMILY "Not Reported" VB #</Process><Process ToolSource="c:\program files (x86)\arcgis\desktop10.3\ArcToolbox\Toolboxes\Data Management Tools.tbx\CalculateField" Date="20171018" Time="145057">CalculateField Cold_corals_poly_new_schema GENUS "Not Reported" VB #</Process><Process ToolSource="c:\program files (x86)\arcgis\desktop10.3\ArcToolbox\Toolboxes\Data Management Tools.tbx\CalculateField" Date="20171018" Time="145103">CalculateField Cold_corals_poly_new_schema SPECIES "Not Reported" VB #</Process><Process ToolSource="c:\program files (x86)\arcgis\desktop10.3\ArcToolbox\Toolboxes\Data Management Tools.tbx\CalculateField" Date="20171018" Time="145150">CalculateField Cold_corals_poly_new_schema PROTECT_STAT "Not Applicable" VB #</Process><Process ToolSource="c:\program files (x86)\arcgis\desktop10.3\ArcToolbox\Toolboxes\Data Management Tools.tbx\CalculateField" Date="20171018" Time="145256">CalculateField Cold_corals_poly_new_schema PROTECT_STAT "Not Reported" VB #</Process><Process ToolSource="c:\program files (x86)\arcgis\desktop10.3\ArcToolbox\Toolboxes\Data Management Tools.tbx\CalculateField" Date="20171026" Time="090132">CalculateField Cold_corals_poly_new_schema SURVEY_MET "Not Reported" VB #</Process><Process ToolSource="c:\program files (x86)\arcgis\desktop10.3\ArcToolbox\Toolboxes\Data Management Tools.tbx\CalculateField" Date="20171026" Time="090206">CalculateField Cold_corals_poly_new_schema DATA_TYPE "Not Reported" VB #</Process><Process ToolSource="c:\program files (x86)\arcgis\desktop10.3\ArcToolbox\Toolboxes\Data Management Tools.tbx\CalculateField" Date="20171103" Time="131254">CalculateField Cold_corals_poly_new_schema METADATA_ID 0 VB #</Process><Process ToolSource="c:\program files (x86)\arcgis\desktop10.5\ArcToolbox\Toolboxes\Data Management Tools.tbx\CalculateField" Date="20171207" Time="153931">CalculateField Cold_corals_poly_new_schema SPECIES Replace( [SPECIES], " ", "Not Reported") VB #</Process><Process ToolSource="c:\program files (x86)\arcgis\desktop10.5\ArcToolbox\Toolboxes\Data Management Tools.tbx\CalculateField" Date="20171207" Time="154105">CalculateField Cold_corals_poly_new_schema SPECIES Replace( [SPECIES], " ", "Not Reported") VB #</Process><Process ToolSource="c:\program files (x86)\arcgis\desktop10.5\ArcToolbox\Toolboxes\Data Management Tools.tbx\CalculateField" Date="20171211" Time="000412">CalculateField 14_001_WCMC001_ColdCorals2017_v4_py GENUS "Lophelia" VB #</Process><Process ToolSource="c:\program files (x86)\arcgis\desktop10.5\ArcToolbox\Toolboxes\Data Management Tools.tbx\CalculateField" Date="20171211" Time="000429">CalculateField 14_001_WCMC001_ColdCorals2017_v4_py FAMILY "Caryophyllidae" VB #</Process><Process Name="Repair Geometry" ToolSource="c:\program files\arcgis\pro\Resources\ArcToolbox\toolboxes\Data Management Tools.tbx\RepairGeometry" Date="20180504" Time="110832">RepairGeometry "C:\Users\OsgurM\OneDrive - WCMC\Data Management\Quality_Checks\Input_Datasets\Input_Datasets.gdb\T14_001_WCMC001_ColdCorals2017_v4_Py" DELETE_NULL OGC</Process><Process Name="Repair Geometry" ToolSource="c:\program files\arcgis\pro\Resources\ArcToolbox\toolboxes\Data Management Tools.tbx\RepairGeometry" Date="20180504" Time="113042">RepairGeometry "C:\Users\OsgurM\OneDrive - WCMC\Data Management\Quality_Checks\Input_Datasets\Input_Datasets.gdb\T14_001_WCMC001_ColdCorals2017_v4_Py" DELETE_NULL OGC</Process><Process Name="Repair Geometry" ToolSource="c:\program files\arcgis\pro\Resources\ArcToolbox\toolboxes\Data Management Tools.tbx\RepairGeometry" Date="20180504" Time="113228">RepairGeometry "C:\Users\OsgurM\OneDrive - WCMC\Data Management\Quality_Checks\Input_Datasets\Input_Datasets.gdb\T14_001_WCMC001_ColdCorals2017_v4_Py" DELETE_NULL OGC</Process><Process Name="Repair Geometry (2)" ToolSource="c:\program files\arcgis\pro\Resources\ArcToolbox\toolboxes\Data Management Tools.tbx\RepairGeometry" Date="20180504" Time="113555">RepairGeometry "C:\Users\OsgurM\OneDrive - WCMC\Data Management\Quality_Checks\Input_Datasets\Input_Datasets.gdb\T14_001_WCMC001_ColdCorals2017_v4_Py" KEEP_NULL Esri</Process><Process Name="Repair Geometry" ToolSource="c:\program files\arcgis\pro\Resources\ArcToolbox\toolboxes\Data Management Tools.tbx\RepairGeometry" Date="20180504" Time="114053">RepairGeometry "C:\Users\OsgurM\OneDrive - WCMC\Data Management\Quality_Checks\Input_Datasets\Input_Datasets.gdb\T14_001_WCMC001_ColdCorals2017_v4_Py" DELETE_NULL OGC</Process><Process Name="Repair Geometry" ToolSource="c:\program files\arcgis\pro\Resources\ArcToolbox\toolboxes\Data Management Tools.tbx\RepairGeometry" Date="20180504" Time="114115">RepairGeometry "C:\Users\OsgurM\OneDrive - WCMC\Data Management\Quality_Checks\Input_Datasets\Input_Datasets.gdb\T14_001_WCMC001_ColdCorals2017_v4_Py" DELETE_NULL OGC</Process><Process Name="Repair Geometry" ToolSource="c:\program files\arcgis\pro\Resources\ArcToolbox\toolboxes\Data Management Tools.tbx\RepairGeometry" Date="20180504" Time="114438">RepairGeometry "C:\Users\OsgurM\OneDrive - WCMC\Data Management\Quality_Checks\Input_Datasets\Input_Datasets.gdb\T14_001_WCMC001_ColdCorals2017_v4_Py" DELETE_NULL OGC</Process><Process Name="Repair Geometry" ToolSource="c:\program files\arcgis\pro\Resources\ArcToolbox\toolboxes\Data Management Tools.tbx\RepairGeometry" Date="20180504" Time="114801">RepairGeometry "C:\Users\OsgurM\OneDrive - WCMC\Data Management\Quality_Checks\Input_Datasets\Input_Datasets.gdb\T14_001_WCMC001_ColdCorals2017_v4_Py" DELETE_NULL OGC</Process><Process Name="Repair Geometry" ToolSource="c:\program files\arcgis\pro\Resources\ArcToolbox\toolboxes\Data Management Tools.tbx\RepairGeometry" Date="20180504" Time="115126">RepairGeometry "C:\Users\OsgurM\OneDrive - WCMC\Data Management\Quality_Checks\Input_Datasets\Input_Datasets.gdb\T14_001_WCMC001_ColdCorals2017_v4_Py" DELETE_NULL OGC</Process><Process Name="Repair Geometry" ToolSource="c:\program files\arcgis\pro\Resources\ArcToolbox\toolboxes\Data Management Tools.tbx\RepairGeometry" Date="20180504" Time="115450">RepairGeometry "C:\Users\OsgurM\OneDrive - WCMC\Data Management\Quality_Checks\Input_Datasets\Input_Datasets.gdb\T14_001_WCMC001_ColdCorals2017_v4_Py" DELETE_NULL OGC</Process><Process Name="Repair Geometry" ToolSource="c:\program files\arcgis\pro\Resources\ArcToolbox\toolboxes\Data Management Tools.tbx\RepairGeometry" Date="20180504" Time="115938">RepairGeometry "C:\Users\OsgurM\OneDrive - WCMC\Data Management\Quality_Checks\Input_Datasets\Input_Datasets.gdb\T14_001_WCMC001_ColdCorals2017_v4_Py" DELETE_NULL OGC</Process><Process Name="Repair Geometry" ToolSource="c:\program files\arcgis\pro\Resources\ArcToolbox\toolboxes\Data Management Tools.tbx\RepairGeometry" Date="20180504" Time="134515">RepairGeometry "C:\Users\OsgurM\OneDrive - WCMC\Data Management\Quality_Checks\Input_Datasets\Input_Datasets.gdb\T14_001_WCMC001_ColdCorals2017_v4_Py" DELETE_NULL OGC</Process><Process Name="Repair Geometry" ToolSource="c:\program files\arcgis\pro\Resources\ArcToolbox\toolboxes\Data Management Tools.tbx\RepairGeometry" Date="20180504" Time="134527">RepairGeometry "C:\Users\OsgurM\OneDrive - WCMC\Data Management\Quality_Checks\Input_Datasets\Input_Datasets.gdb\T14_001_WCMC001_ColdCorals2017_v4_Py" DELETE_NULL OGC</Process><Process Name="Repair Geometry" ToolSource="c:\program files\arcgis\pro\Resources\ArcToolbox\toolboxes\Data Management Tools.tbx\RepairGeometry" Date="20180504" Time="150508">RepairGeometry "C:\Users\OsgurM\OneDrive - WCMC\Data Management\Quality_Checks\Input_Datasets\Input_Datasets.gdb\T14_001_WCMC001_ColdCorals2017_v4_Py" DELETE_NULL OGC</Process><Process Name="Repair Geometry" ToolSource="c:\program files\arcgis\pro\Resources\ArcToolbox\toolboxes\Data Management Tools.tbx\RepairGeometry" Date="20180504" Time="152154">RepairGeometry "C:\Users\OsgurM\OneDrive - WCMC\Data Management\Quality_Checks\Input_Datasets\Input_Datasets.gdb\T14_001_WCMC001_ColdCorals2017_v4_Py" DELETE_NULL OGC</Process><Process Name="Repair Geometry" ToolSource="c:\program files\arcgis\pro\Resources\ArcToolbox\toolboxes\Data Management Tools.tbx\RepairGeometry" Date="20180525" Time="125320">RepairGeometry "C:\Users\OsgurM\Documents\ArcGIS\Projects\Data Checks\Input_Datasets.gdb\T14_001_WCMC001_ColdCorals2017_v4_Py" DELETE_NULL OGC</Process><Process Name="Repair Geometry" ToolSource="c:\program files\arcgis\pro\Resources\ArcToolbox\toolboxes\Data Management Tools.tbx\RepairGeometry" Date="20180530" Time="110042">RepairGeometry "C:\Users\OsgurM\Documents\ArcGIS\Projects\Data Checks\Input_Datasets.gdb\T14_001_WCMC001_ColdCorals2017_v4_Py" DELETE_NULL OGC</Process><Process Name="Repair Geometry" ToolSource="c:\program files\arcgis\pro\Resources\ArcToolbox\toolboxes\Data Management Tools.tbx\RepairGeometry" Date="20180530" Time="110112">RepairGeometry "C:\Users\OsgurM\Documents\ArcGIS\Projects\Data Checks\Input_Datasets.gdb\T14_001_WCMC001_ColdCorals2017_v4_Py" DELETE_NULL OGC</Process><Process Name="Repair Geometry" ToolSource="c:\program files\arcgis\pro\Resources\ArcToolbox\toolboxes\Data Management Tools.tbx\RepairGeometry" Date="20180530" Time="110809">RepairGeometry "C:\Users\OsgurM\Documents\ArcGIS\Projects\Data Checks\Input_Datasets.gdb\T14_001_WCMC001_ColdCorals2017_v4_Py" DELETE_NULL OGC</Process><Process Name="Dice" ToolSource="c:\program files\arcgis\pro\Resources\ArcToolbox\toolboxes\Data Management Tools.tbx\Dice" Date="20180530" Time="110810">Dice "C:\Users\OsgurM\Documents\ArcGIS\Projects\Data Checks\Input_Datasets.gdb\T14_001_WCMC001_ColdCorals2017_v4_Py" "C:\Users\OsgurM\Documents\ArcGIS\Projects\Data Checks\INT_DICE.gdb\T14_001_WCMC001_ColdCorals2017_v4_Py_Dice" 20000</Process><Process Name="Repair Geometry (2)" ToolSource="c:\program files\arcgis\pro\Resources\ArcToolbox\toolboxes\Data Management Tools.tbx\RepairGeometry" Date="20180530" Time="110811">RepairGeometry "C:\Users\OsgurM\Documents\ArcGIS\Projects\Data Checks\INT_DICE.gdb\T14_001_WCMC001_ColdCorals2017_v4_Py_Dice" DELETE_NULL OGC</Process><Process Name="Intersect" ToolSource="c:\program files\arcgis\pro\Resources\ArcToolbox\toolboxes\Analysis Tools.tbx\Intersect" Date="20180530" Time="111537">Intersect "'C:\Users\OsgurM\Documents\ArcGIS\Projects\Data Checks\INT_DICE.gdb\T14_001_WCMC001_ColdCorals2017_v4_Py_Dice' #;'C:\Users\OsgurM\Documents\ArcGIS\Projects\Data Checks\EEZ_DIS_ABNJ.shp' #" "C:\Users\OsgurM\Documents\ArcGIS\Projects\Data Checks\INT_DICE.gdb\T14_001_WCMC001_ColdCorals2017_v4_Py_DICE_INT" "All attributes" # "Same as input"</Process><Process ToolSource="c:\program files\arcgis\pro\Resources\ArcToolbox\toolboxes\Data Management Tools.tbx\AddField" Date="20180530" Time="173538">AddField "CIMDATA=&lt;CIMStandardDataConnection xsi:type='typens:CIMStandardDataConnection' xmlns:xsi='http://www.w3.org/2001/XMLSchema-instance' xmlns:xs='http://www.w3.org/2001/XMLSchema' xmlns:typens='http://www.esri.com/schemas/ArcGIS/2.1.0'&gt;&lt;WorkspaceConnectionString&gt;DATABASE=C:\Users\OsgurM\Documents\ArcGIS\Projects\Data Checks\INT_DICE.gdb&lt;/WorkspaceConnectionString&gt;&lt;WorkspaceFactory&gt;FileGDB&lt;/WorkspaceFactory&gt;&lt;Dataset&gt;T14_001_WCMC001_ColdCorals2017_v4_Py_DICE_INT&lt;/Dataset&gt;&lt;DatasetType&gt;esriDTFeatureClass&lt;/DatasetType&gt;&lt;/CIMStandardDataConnection&gt;" ISO_Test "Long (large integer)" # # # ISO_Test NULLABLE NON_REQUIRED #</Process><Process ToolSource="c:\program files\arcgis\pro\Resources\ArcToolbox\toolboxes\Data Management Tools.tbx\CalculateField" Date="20180530" Time="173549">CalculateField T14_001_WCMC001_ColdCorals2017_v4_Py_DICE_INT ISO_Test isSame(!ISO3!,!ISO3_1!) "Python 3" "def isSame(x, y):\n    fieldA = str(x)\n    fieldB = str(y)\n    if fieldA == fieldB:\n        return 1\n    else:\n        return 0\n"</Process><Process ToolSource="c:\program files\arcgis\pro\Resources\ArcToolbox\toolboxes\Data Management Tools.tbx\CalculateField" Date="20180601" Time="123235">CalculateField T14_001_WCMC001_ColdCorals2017_v4_Py_DICE_INT ISO3 !ISO3_1! "Python 3" #</Process><Process ToolSource="c:\program files\arcgis\pro\Resources\ArcToolbox\toolboxes\Data Management Tools.tbx\DeleteField" Date="20180601" Time="123317">DeleteField T14_001_WCMC001_ColdCorals2017_v4_Py_DICE_INT FID_T14_001_WCMC001_ColdCorals2017_v4_Py_Dice</Process><Process ToolSource="c:\program files\arcgis\pro\Resources\ArcToolbox\toolboxes\Data Management Tools.tbx\DeleteField" Date="20180601" Time="123327">DeleteField T14_001_WCMC001_ColdCorals2017_v4_Py_DICE_INT FID_EEZ_DIS_ABNJ</Process><Process ToolSource="c:\program files\arcgis\pro\Resources\ArcToolbox\toolboxes\Data Management Tools.tbx\DeleteField" Date="20180601" Time="123331">DeleteField T14_001_WCMC001_ColdCorals2017_v4_Py_DICE_INT ISO3_1</Process><Process Name="Repair Geometry" ToolSource="c:\program files\arcgis\pro\Resources\ArcToolbox\toolboxes\Data Management Tools.tbx\RepairGeometry" Date="20180601" Time="124445">RepairGeometry "C:\Users\OsgurM\Documents\ArcGIS\Projects\Data Checks\INT_DICE.gdb\T14_001_WCMC001_ColdCorals2017_v4_Py_DICE_INT" DELETE_NULL OGC</Process><Process Name="Repair Geometry" ToolSource="c:\program files\arcgis\pro\Resources\ArcToolbox\toolboxes\Data Management Tools.tbx\RepairGeometry" Date="20180601" Time="135710">RepairGeometry "C:\Users\OsgurM\Documents\ArcGIS\Projects\Data Checks\INT_DICE.gdb\T14_001_WCMC001_ColdCorals2017_v4_Py_DICE_INT" DELETE_NULL OGC</Process><Process Name="Dissolve" ToolSource="c:\program files\arcgis\pro\Resources\ArcToolbox\toolboxes\Data Management Tools.tbx\Dissolve" Date="20180601" Time="135712">Dissolve "C:\Users\OsgurM\Documents\ArcGIS\Projects\Data Checks\INT_DICE.gdb\T14_001_WCMC001_ColdCorals2017_v4_Py_DICE_INT" "C:\Users\OsgurM\Documents\ArcGIS\Projects\Data Checks\Dissolved.gdb\T14_001_WCMC001_ColdCorals2017_v4_Py_DICE_INT_DISS" LAYER_NAME;METADATA_I;PARENT_ISO;ISO3;SUB_LOC;NAME;ORIG_NAME;LOC_DEF;FAMILY;GENUS;SPECIES;DATA_TYPE;SURVEY_MET;START_DATE;END_DATE;DATE_TYPE;PROTECT;PROTECT_FE;VERIF;PROTECT_ST "REP_AREA_K SUM;GIS_AREA_K SUM" MULTI_PART DISSOLVE_LINES</Process><Process Name="Repair Geometry" ToolSource="c:\program files\arcgis\pro\Resources\ArcToolbox\toolboxes\Data Management Tools.tbx\RepairGeometry" Date="20180627" Time="144606">RepairGeometry "C:\Users\OsgurM\OneDrive - WCMC\Data Management\Quality_Checks\Output_Datasets.gdb\WCMC001_ColdCorals2017_Py_v5" DELETE_NULL OGC</Process><Process ToolSource="c:\program files\arcgis\pro\Resources\ArcToolbox\toolboxes\Data Management Tools.tbx\AlterField" Date="20180628" Time="121055">AlterField "CIMDATA=&lt;CIMStandardDataConnection xsi:type='typens:CIMStandardDataConnection' xmlns:xsi='http://www.w3.org/2001/XMLSchema-instance' xmlns:xs='http://www.w3.org/2001/XMLSchema' xmlns:typens='http://www.esri.com/schemas/ArcGIS/2.1.0'&gt;&lt;WorkspaceConnectionString&gt;DATABASE=C:\Users\OsgurM\OneDrive - WCMC\Data Management\Quality_Checks\Output_Datasets.gdb&lt;/WorkspaceConnectionString&gt;&lt;WorkspaceFactory&gt;FileGDB&lt;/WorkspaceFactory&gt;&lt;Dataset&gt;WCMC001_ColdCorals2017_Py_v5&lt;/Dataset&gt;&lt;DatasetType&gt;esriDTFeatureClass&lt;/DatasetType&gt;&lt;/CIMStandardDataConnection&gt;" SUM_REP_AREA_K REP_AREA_KM2 # "Double  (double precision)" 8 NULLABLE false</Process><Process ToolSource="c:\program files\arcgis\pro\Resources\ArcToolbox\toolboxes\Data Management Tools.tbx\AlterField" Date="20180628" Time="121056">AlterField "CIMDATA=&lt;CIMStandardDataConnection xsi:type='typens:CIMStandardDataConnection' xmlns:xsi='http://www.w3.org/2001/XMLSchema-instance' xmlns:xs='http://www.w3.org/2001/XMLSchema' xmlns:typens='http://www.esri.com/schemas/ArcGIS/2.1.0'&gt;&lt;WorkspaceConnectionString&gt;DATABASE=C:\Users\OsgurM\OneDrive - WCMC\Data Management\Quality_Checks\Output_Datasets.gdb&lt;/WorkspaceConnectionString&gt;&lt;WorkspaceFactory&gt;FileGDB&lt;/WorkspaceFactory&gt;&lt;Dataset&gt;WCMC001_ColdCorals2017_Py_v5&lt;/Dataset&gt;&lt;DatasetType&gt;esriDTFeatureClass&lt;/DatasetType&gt;&lt;/CIMStandardDataConnection&gt;" SUM_GIS_AREA_K GIS_AREA_KM2 # "Double  (double precision)" 8 NULLABLE false</Process><Process ToolSource="c:\program files\arcgis\pro\Resources\ArcToolbox\toolboxes\Data Management Tools.tbx\CopyFeatures" Date="20180629" Time="103352">CopyFeatures WCMC001_ColdCorals2017_Py_v5 P:\PROGRAMMES\MARINE\Data\_WCMC-OceanDataViewer-Datasets\WCMC-001-GlobalDistributionOfColdWaterCoral2005\14_001_WCMC001_ColdCorals2017_v5\01_Data\WCMC001_ColdCorals2017_Py_v5.shp # # # #</Process><Process ToolSource="c:\program files\arcgis\pro\Resources\ArcToolbox\toolboxes\Data Management Tools.tbx\CalculateGeometryAttributes" Date="20180727" Time="122031">CalculateGeometryAttributes WCMC001_ColdCorals2017_Py_v5 "GIS_AREA_K AREA_GEODESIC" # "Square kilometers" GEOGCS['GCS_WGS_1984',DATUM['D_WGS_1984',SPHEROID['WGS_1984',6378137.0,298.257223563]],PRIMEM['Greenwich',0.0],UNIT['Degree',0.0174532925199433]]</Process><Process ToolSource="c:\program files\arcgis\pro\Resources\ArcToolbox\toolboxes\Data Management Tools.tbx\CalculateGeometryAttributes" Date="20180727" Time="122210">CalculateGeometryAttributes WCMC001_ColdCorals2017_Py_v5 "GIS_AREA_K AREA_GEODESIC" # "Square kilometers" PROJCS['World_Mollweide',GEOGCS['GCS_WGS_1984',DATUM['D_WGS_1984',SPHEROID['WGS_1984',6378137.0,298.257223563]],PRIMEM['Greenwich',0.0],UNIT['Degree',0.0174532925199433]],PROJECTION['Mollweide'],PARAMETER['False_Easting',0.0],PARAMETER['False_Northing',0.0],PARAMETER['Central_Meridian',0.0],UNIT['Meter',1.0]]</Process><Process ToolSource="c:\program files\arcgis\pro\Resources\ArcToolbox\toolboxes\Data Management Tools.tbx\UpdateSchema" Date="20180727" Time="122534">UpdateSchema "CIMDATA=&lt;CIMStandardDataConnection xsi:type='typens:CIMStandardDataConnection' xmlns:xsi='http://www.w3.org/2001/XMLSchema-instance' xmlns:xs='http://www.w3.org/2001/XMLSchema' xmlns:typens='http://www.esri.com/schemas/ArcGIS/2.2.0'&gt;&lt;WorkspaceConnectionString&gt;DATABASE=P:\PROGRAMMES\MARINE\Data\_WCMC-OceanDataViewer-Datasets\WCMC-001-GlobalDistributionOfColdWaterCoral2005\14_001_WCMC001_ColdCorals2017_v5\01_Data&lt;/WorkspaceConnectionString&gt;&lt;WorkspaceFactory&gt;Shapefile&lt;/WorkspaceFactory&gt;&lt;Dataset&gt;WCMC001_ColdCorals2017_Py_v5.shp&lt;/Dataset&gt;&lt;DatasetType&gt;esriDTAny&lt;/DatasetType&gt;&lt;/CIMStandardDataConnection&gt;" &lt;operationSequence&gt;&lt;workflow&gt;&lt;DeleteField&gt;&lt;field_name&gt;REP_AREA_K&lt;/field_name&gt;&lt;/DeleteField&gt;&lt;/workflow&gt;&lt;/operationSequence&gt;</Process><Process ToolSource="c:\program files\arcgis\pro\Resources\ArcToolbox\toolboxes\Data Management Tools.tbx\UpdateSchema" Date="20180727" Time="122557">UpdateSchema "CIMDATA=&lt;CIMStandardDataConnection xsi:type='typens:CIMStandardDataConnection' xmlns:xsi='http://www.w3.org/2001/XMLSchema-instance' xmlns:xs='http://www.w3.org/2001/XMLSchema' xmlns:typens='http://www.esri.com/schemas/ArcGIS/2.2.0'&gt;&lt;WorkspaceConnectionString&gt;DATABASE=P:\PROGRAMMES\MARINE\Data\_WCMC-OceanDataViewer-Datasets\WCMC-001-GlobalDistributionOfColdWaterCoral2005\14_001_WCMC001_ColdCorals2017_v5\01_Data&lt;/WorkspaceConnectionString&gt;&lt;WorkspaceFactory&gt;Shapefile&lt;/WorkspaceFactory&gt;&lt;Dataset&gt;WCMC001_ColdCorals2017_Py_v5.shp&lt;/Dataset&gt;&lt;DatasetType&gt;esriDTAny&lt;/DatasetType&gt;&lt;/CIMStandardDataConnection&gt;" &lt;operationSequence&gt;&lt;workflow&gt;&lt;AddField&gt;&lt;field_name&gt;REP_AREA_K&lt;/field_name&gt;&lt;field_type&gt;DOUBLE&lt;/field_type&gt;&lt;field_is_nullable&gt;False&lt;/field_is_nullable&gt;&lt;field_is_required&gt;False&lt;/field_is_required&gt;&lt;/AddField&gt;&lt;/workflow&gt;&lt;/operationSequence&gt;</Process><Process ToolSource="c:\program files\arcgis\pro\Resources\ArcToolbox\toolboxes\Data Management Tools.tbx\DeleteField" Date="20180727" Time="122619">DeleteField WCMC001_ColdCorals2017_Py_v5 REP_AREA_K</Process><Process ToolSource="c:\program files\arcgis\pro\Resources\ArcToolbox\toolboxes\Data Management Tools.tbx\UpdateSchema" Date="20180727" Time="122641">UpdateSchema "CIMDATA=&lt;CIMStandardDataConnection xsi:type='typens:CIMStandardDataConnection' xmlns:xsi='http://www.w3.org/2001/XMLSchema-instance' xmlns:xs='http://www.w3.org/2001/XMLSchema' xmlns:typens='http://www.esri.com/schemas/ArcGIS/2.2.0'&gt;&lt;WorkspaceConnectionString&gt;DATABASE=P:\PROGRAMMES\MARINE\Data\_WCMC-OceanDataViewer-Datasets\WCMC-001-GlobalDistributionOfColdWaterCoral2005\14_001_WCMC001_ColdCorals2017_v5\01_Data&lt;/WorkspaceConnectionString&gt;&lt;WorkspaceFactory&gt;Shapefile&lt;/WorkspaceFactory&gt;&lt;Dataset&gt;WCMC001_ColdCorals2017_Py_v5.shp&lt;/Dataset&gt;&lt;DatasetType&gt;esriDTAny&lt;/DatasetType&gt;&lt;/CIMStandardDataConnection&gt;" &lt;operationSequence&gt;&lt;workflow&gt;&lt;AddField&gt;&lt;field_name&gt;REP_AREA_K&lt;/field_name&gt;&lt;field_type&gt;TEXT&lt;/field_type&gt;&lt;field_length&gt;255&lt;/field_length&gt;&lt;field_is_nullable&gt;False&lt;/field_is_nullable&gt;&lt;field_is_required&gt;False&lt;/field_is_required&gt;&lt;/AddField&gt;&lt;/workflow&gt;&lt;/operationSequence&gt;</Process><Process ToolSource="c:\program files\arcgis\pro\Resources\ArcToolbox\toolboxes\Data Management Tools.tbx\CalculateField" Date="20180727" Time="122651">CalculateField WCMC001_ColdCorals2017_Py_v5 REP_AREA_K "Not Reported" "Python 3" #</Process><Process ToolSource="c:\users\sarap\appdata\local\programs\arcgis\pro\Resources\ArcToolbox\Toolboxes\Data Management Tools.tbx\UpdateSchema" Date="20210323" Time="094949">UpdateSchema "CIMDATA=&lt;CIMStandardDataConnection xsi:type='typens:CIMStandardDataConnection' xmlns:xsi='http://www.w3.org/2001/XMLSchema-instance' xmlns:xs='http://www.w3.org/2001/XMLSchema' xmlns:typens='http://www.esri.com/schemas/ArcGIS/2.7.0'&gt;&lt;WorkspaceConnectionString&gt;DATABASE=C:\Users\Sarap\Documents\_Data_for_analysis\Marine habitats\WCMC001_ColdCorals2017_v5\14_001_WCMC001_ColdCorals2017_v6\01_Data&lt;/WorkspaceConnectionString&gt;&lt;WorkspaceFactory&gt;Shapefile&lt;/WorkspaceFactory&gt;&lt;Dataset&gt;WCMC001_ColdCorals2017_Py_v5.shp&lt;/Dataset&gt;&lt;DatasetType&gt;esriDTFeatureClass&lt;/DatasetType&gt;&lt;/CIMStandardDataConnection&gt;" &lt;operationSequence&gt;&lt;workflow&gt;&lt;DeleteField&gt;&lt;field_name&gt;PARENT_ISO&lt;/field_name&gt;&lt;field_name&gt;ISO3&lt;/field_name&gt;&lt;/DeleteField&gt;&lt;/workflow&gt;&lt;/operationSequence&gt;</Process><Process ToolSource="c:\users\sarap\appdata\local\programs\arcgis\pro\Resources\ArcToolbox\toolboxes\Conversion Tools.tbx\FeatureClassToFeatureClass" Date="20210323" Time="095251">FeatureClassToFeatureClass WCMC001_ColdCorals2017_Py_v5 "C:\Users\Sarap\Documents\_Data_for_analysis\Marine habitats\WCMC001_ColdCorals2017_v5\14_001_WCMC001_ColdCorals2017_v6\01_Data" WCMC001_ColdCorals2017_Py_v6.shp # "LAYER_NAME "LAYER_NAME" true true false 50 Text 0 0,First,#,WCMC001_ColdCorals2017_Py_v5,LAYER_NAME,0,50;SUB_LOC "SUB_LOC" true true false 50 Text 0 0,First,#,WCMC001_ColdCorals2017_Py_v5,SUB_LOC,0,50;NAME "NAME" true true false 50 Text 0 0,First,#,WCMC001_ColdCorals2017_Py_v5,NAME,0,50;ORIG_NAME "ORIG_NAME" true true false 50 Text 0 0,First,#,WCMC001_ColdCorals2017_Py_v5,ORIG_NAME,0,50;LOC_DEF "LOC_DEF" true true false 50 Text 0 0,First,#,WCMC001_ColdCorals2017_Py_v5,LOC_DEF,0,50;FAMILY "FAMILY" true true false 50 Text 0 0,First,#,WCMC001_ColdCorals2017_Py_v5,FAMILY,0,50;GENUS "GENUS" true true false 50 Text 0 0,First,#,WCMC001_ColdCorals2017_Py_v5,GENUS,0,50;SPECIES "SPECIES" true true false 50 Text 0 0,First,#,WCMC001_ColdCorals2017_Py_v5,SPECIES,0,50;DATA_TYPE "DATA_TYPE" true true false 50 Text 0 0,First,#,WCMC001_ColdCorals2017_Py_v5,DATA_TYPE,0,50;START_DATE "START_DATE" true true false 50 Text 0 0,First,#,WCMC001_ColdCorals2017_Py_v5,START_DATE,0,50;END_DATE "END_DATE" true true false 50 Text 0 0,First,#,WCMC001_ColdCorals2017_Py_v5,END_DATE,0,50;DATE_TYPE "DATE_TYPE" true true false 50 Text 0 0,First,#,WCMC001_ColdCorals2017_Py_v5,DATE_TYPE,0,50;PROTECT "PROTECT" true true false 19 Double 0 0,First,#,WCMC001_ColdCorals2017_Py_v5,PROTECT,-1,-1;PROTECT_FE "PROTECT_FE" true true false 19 Double 0 0,First,#,WCMC001_ColdCorals2017_Py_v5,PROTECT_FE,-1,-1;VERIF "VERIF" true true false 50 Text 0 0,First,#,WCMC001_ColdCorals2017_Py_v5,VERIF,0,50;PROTECT_ST "PROTECT_ST" true true false 254 Text 0 0,First,#,WCMC001_ColdCorals2017_Py_v5,PROTECT_ST,0,254;SURVEY_MET "SURVEY_MET" true true false 254 Text 0 0,First,#,WCMC001_ColdCorals2017_Py_v5,SURVEY_MET,0,254;METADATA_I "METADATA_I" true true false 10 Long 0 10,First,#,WCMC001_ColdCorals2017_Py_v5,METADATA_I,-1,-1;GIS_AREA_K "GIS_AREA_K" true true false 19 Double 0 0,First,#,WCMC001_ColdCorals2017_Py_v5,GIS_AREA_K,-1,-1;Shape_Leng "Shape_Leng" true true false 19 Double 0 0,First,#,WCMC001_ColdCorals2017_Py_v5,Shape_Leng,-1,-1;Shape_Area "Shape_Area" true true false 19 Double 0 0,First,#,WCMC001_ColdCorals2017_Py_v5,Shape_Area,-1,-1;REP_AREA_K "REP_AREA_K" true true false 254 Text 0 0,First,#,WCMC001_ColdCorals2017_Py_v5,REP_AREA_K,0,254" #</Process><Process ToolSource="c:\users\sarap\appdata\local\programs\arcgis\pro\Resources\ArcToolbox\Toolboxes\Data Management Tools.tbx\UpdateSchema" Date="20210325" Time="100719">UpdateSchema "CIMDATA=&lt;CIMStandardDataConnection xsi:type='typens:CIMStandardDataConnection' xmlns:xsi='http://www.w3.org/2001/XMLSchema-instance' xmlns:xs='http://www.w3.org/2001/XMLSchema' xmlns:typens='http://www.esri.com/schemas/ArcGIS/2.7.0'&gt;&lt;WorkspaceConnectionString&gt;DATABASE=O:\f00_data\WCMC-001-GlobalDistributionOfColdWaterCoral2005\14_001_WCMC001_ColdCorals2017_v5_1\01_Data&lt;/WorkspaceConnectionString&gt;&lt;WorkspaceFactory&gt;Shapefile&lt;/WorkspaceFactory&gt;&lt;Dataset&gt;WCMC001_ColdCorals2017_Py_v5_1.shp&lt;/Dataset&gt;&lt;DatasetType&gt;esriDTFeatureClass&lt;/DatasetType&gt;&lt;/CIMStandardDataConnection&gt;" &lt;operationSequence&gt;&lt;workflow&gt;&lt;DeleteField&gt;&lt;field_name&gt;SUB_LOC&lt;/field_name&gt;&lt;/DeleteField&gt;&lt;/workflow&gt;&lt;/operationSequence&gt;</Process><Process ToolSource="c:\users\florencia\appdata\local\programs\arcgis\pro\Resources\ArcToolbox\toolboxes\Data Management Tools.tbx\DeleteField" Date="20210330" Time="123300">DeleteField O:\f00_data\WCMC-001-GlobalDistributionOfColdWaterCoral2005\14_001_WCMC001_ColdCorals2017_v5_1\01_Data\WCMC001_ColdCorals2017_Py_v5_1.shp PROTECT;PROTECT_ST;PROTECT_FE</Process><Process ToolSource="c:\program files\arcgis\pro\Resources\ArcToolbox\toolboxes\Data Management Tools.tbx\UpdateSchema" Date="20221125" Time="115719">UpdateSchema "CIMDATA=&lt;CIMStandardDataConnection xsi:type='typens:CIMStandardDataConnection' xmlns:xsi='http://www.w3.org/2001/XMLSchema-instance' xmlns:xs='http://www.w3.org/2001/XMLSchema' xmlns:typens='http://www.esri.com/schemas/ArcGIS/3.0.0'&gt;&lt;WorkspaceConnectionString&gt;DATABASE=O:\f00_data\WCMC-001-GlobalDistributionOfColdWaterCoral2005\14_001_WCMC001_ColdCorals2017_v5_1\01_Data&lt;/WorkspaceConnectionString&gt;&lt;WorkspaceFactory&gt;Shapefile&lt;/WorkspaceFactory&gt;&lt;Dataset&gt;WCMC001_ColdCorals2017_Py_v5_1.shp&lt;/Dataset&gt;&lt;DatasetType&gt;esriDTFeatureClass&lt;/DatasetType&gt;&lt;/CIMStandardDataConnection&gt;" &lt;operationSequence&gt;&lt;workflow&gt;&lt;AddField&gt;&lt;field_name&gt;DEPTH_MIN&lt;/field_name&gt;&lt;field_type&gt;DOUBLE&lt;/field_type&gt;&lt;field_is_nullable&gt;False&lt;/field_is_nullable&gt;&lt;field_is_required&gt;False&lt;/field_is_required&gt;&lt;/AddField&gt;&lt;/workflow&gt;&lt;workflow&gt;&lt;AddField&gt;&lt;field_name&gt;DEPTH_MAX&lt;/field_name&gt;&lt;field_type&gt;DOUBLE&lt;/field_type&gt;&lt;field_is_nullable&gt;False&lt;/field_is_nullable&gt;&lt;field_is_required&gt;False&lt;/field_is_required&gt;&lt;/AddField&gt;&lt;/workflow&gt;&lt;/operationSequence&gt;</Process></lineage><itemProps><itemName Sync="TRUE">WCMC001_ColdCorals2017_Py_v6</itemName><imsContentType Sync="TRUE">002</imsContentType><itemSize Sync="TRUE">0.000</itemSize><itemLocation><linkage Sync="TRUE">file://\\WCMC-5CG9132PYT\C$\Users\Sarap\Documents\_Data_for_analysis\Marine habitats\WCMC001_ColdCorals2017_v5\14_001_WCMC001_ColdCorals2017_v6\01_Data\WCMC001_ColdCorals2017_Py_v6.shp</linkage><protocol Sync="TRUE">Local Area Network</protocol></itemLocation></itemProps><coordRef><type Sync="TRUE">Geographic</type><geogcsn Sync="TRUE">GCS_WGS_1984</geogcsn><csUnits Sync="TRUE">Angular Unit: Degree (0.017453)</csUnits><peXml Sync="TRUE">&lt;GeographicCoordinateSystem xsi:type='typens:GeographicCoordinateSystem' xmlns:xsi='http://www.w3.org/2001/XMLSchema-instance' xmlns:xs='http://www.w3.org/2001/XMLSchema' xmlns:typens='http://www.esri.com/schemas/ArcGIS/2.7.0'&gt;&lt;WKT&gt;GEOGCS[&amp;quot;GCS_WGS_1984&amp;quot;,DATUM[&amp;quot;D_WGS_1984&amp;quot;,SPHEROID[&amp;quot;WGS_1984&amp;quot;,6378137.0,298.257223563]],PRIMEM[&amp;quot;Greenwich&amp;quot;,0.0],UNIT[&amp;quot;Degree&amp;quot;,0.0174532925199433],AUTHORITY[&amp;quot;EPSG&amp;quot;,4326]]&lt;/WKT&gt;&lt;XOrigin&gt;-400&lt;/XOrigin&gt;&lt;YOrigin&gt;-400&lt;/YOrigin&gt;&lt;XYScale&gt;11258999068426.238&lt;/XYScale&gt;&lt;ZOrigin&gt;-100000&lt;/ZOrigin&gt;&lt;ZScale&gt;10000&lt;/ZScale&gt;&lt;MOrigin&gt;-100000&lt;/MOrigin&gt;&lt;MScale&gt;10000&lt;/MScale&gt;&lt;XYTolerance&gt;8.983152841195215e-09&lt;/XYTolerance&gt;&lt;ZTolerance&gt;0.001&lt;/ZTolerance&gt;&lt;MTolerance&gt;0.001&lt;/MTolerance&gt;&lt;HighPrecision&gt;true&lt;/HighPrecision&gt;&lt;LeftLongitude&gt;-180&lt;/LeftLongitude&gt;&lt;WKID&gt;4326&lt;/WKID&gt;&lt;LatestWKID&gt;4326&lt;/LatestWKID&gt;&lt;/GeographicCoordinateSystem&gt;</peXml></coordRef></DataProperties><SyncDate>20210323</SyncDate><SyncTime>09525100</SyncTime><ModDate>20210323</ModDate><ModTime>09525100</ModTime></Esri><dataIdInfo><envirDesc Sync="TRUE">Microsoft Windows 10 Version 10.0 (Build 18362) ; Esri ArcGIS 12.7.0.26828</envirDesc><dataLang><languageCode value="eng" Sync="TRUE"></languageCode><countryCode value="GBR" Sync="TRUE"></countryCode></dataLang><idCitation><resTitle Sync="TRUE">WCMC001_ColdCorals2017_Py_v6</resTitle><presForm><PresFormCd value="005" Sync="TRUE"></PresFormCd></presForm></idCitation><spatRpType><SpatRepTypCd value="001" Sync="TRUE"></SpatRepTypCd></spatRpType></dataIdInfo><mdLang><languageCode value="eng" Sync="TRUE"></languageCode><countryCode value="GBR" Sync="TRUE"></countryCode></mdLang><distInfo><distFormat><formatName Sync="TRUE">Shapefile</formatName></distFormat><distTranOps><transSize Sync="TRUE">0.000</transSize></distTranOps></distInfo><mdHrLv><ScopeCd value="005" Sync="TRUE"></ScopeCd></mdHrLv><mdHrLvName Sync="TRUE">dataset</mdHrLvName><refSysInfo><RefSystem><refSysID><identCode code="4326" Sync="TRUE"></identCode><idCodeSpace Sync="TRUE">EPSG</idCodeSpace><idVersion Sync="TRUE">6.2(3.0.1)</idVersion></refSysID></RefSystem></refSysInfo><spatRepInfo><VectSpatRep><geometObjs Name="WCMC001_ColdCorals2017_Py_v6"><geoObjTyp><GeoObjTypCd value="002" Sync="TRUE"></GeoObjTypCd></geoObjTyp><geoObjCnt Sync="TRUE">0</geoObjCnt></geometObjs><topLvl><TopoLevCd value="001" Sync="TRUE"></TopoLevCd></topLvl></VectSpatRep></spatRepInfo><spdoinfo><ptvctinf><esriterm Name="WCMC001_ColdCorals2017_Py_v6"><efeatyp Sync="TRUE">Simple</efeatyp><efeageom code="4" Sync="TRUE"></efeageom><esritopo Sync="TRUE">FALSE</esritopo><efeacnt Sync="TRUE">0</efeacnt><spindex Sync="TRUE">FALSE</spindex><linrefer Sync="TRUE">FALSE</linrefer></esriterm></ptvctinf></spdoinfo><eainfo><detailed Name="WCMC001_ColdCorals2017_Py_v6"><enttyp><enttypl Sync="TRUE">WCMC001_ColdCorals2017_Py_v6</enttypl><enttypt Sync="TRUE">Feature Class</enttypt><enttypc Sync="TRUE">0</enttypc></enttyp><attr><attrlabl Sync="TRUE">FID</attrlabl><attalias Sync="TRUE">FID</attalias><attrtype Sync="TRUE">OID</attrtype><attwidth Sync="TRUE">4</attwidth><atprecis Sync="TRUE">0</atprecis><attscale Sync="TRUE">0</attscale><attrdef Sync="TRUE">Internal feature number.</attrdef><attrdefs Sync="TRUE">Esri</attrdefs><attrdomv><udom Sync="TRUE">Sequential unique whole numbers that are automatically generated.</udom></attrdomv></attr><attr><attrlabl Sync="TRUE">Shape</attrlabl><attalias Sync="TRUE">Shape</attalias><attrtype Sync="TRUE">Geometry</attrtype><attwidth Sync="TRUE">0</attwidth><atprecis Sync="TRUE">0</atprecis><attscale Sync="TRUE">0</attscale><attrdef Sync="TRUE">Feature geometry.</attrdef><attrdefs Sync="TRUE">Esri</attrdefs><attrdomv><udom Sync="TRUE">Coordinates defining the features.</udom></attrdomv></attr><attr><attrlabl Sync="TRUE">LAYER_NAME</attrlabl><attalias Sync="TRUE">LAYER_NAME</attalias><attrtype Sync="TRUE">String</attrtype><attwidth Sync="TRUE">50</attwidth><atprecis Sync="TRUE">0</atprecis><attscale Sync="TRUE">0</attscale></attr><attr><attrlabl Sync="TRUE">METADATA_I</attrlabl><attalias Sync="TRUE">METADATA_I</attalias><attrtype Sync="TRUE">Integer</attrtype><attwidth Sync="TRUE">10</attwidth><atprecis Sync="TRUE">10</atprecis><attscale Sync="TRUE">0</attscale></attr><attr><attrlabl Sync="TRUE">SUB_LOC</attrlabl><attalias Sync="TRUE">SUB_LOC</attalias><attrtype Sync="TRUE">String</attrtype><attwidth Sync="TRUE">50</attwidth><atprecis Sync="TRUE">0</atprecis><attscale Sync="TRUE">0</attscale></attr><attr><attrlabl Sync="TRUE">NAME</attrlabl><attalias Sync="TRUE">NAME</attalias><attrtype Sync="TRUE">String</attrtype><attwidth Sync="TRUE">50</attwidth><atprecis Sync="TRUE">0</atprecis><attscale Sync="TRUE">0</attscale></attr><attr><attrlabl Sync="TRUE">ORIG_NAME</attrlabl><attalias Sync="TRUE">ORIG_NAME</attalias><attrtype Sync="TRUE">String</attrtype><attwidth Sync="TRUE">50</attwidth><atprecis Sync="TRUE">0</atprecis><attscale Sync="TRUE">0</attscale></attr><attr><attrlabl Sync="TRUE">LOC_DEF</attrlabl><attalias Sync="TRUE">LOC_DEF</attalias><attrtype Sync="TRUE">String</attrtype><attwidth Sync="TRUE">50</attwidth><atprecis Sync="TRUE">0</atprecis><attscale Sync="TRUE">0</attscale></attr><attr><attrlabl Sync="TRUE">FAMILY</attrlabl><attalias Sync="TRUE">FAMILY</attalias><attrtype Sync="TRUE">String</attrtype><attwidth Sync="TRUE">50</attwidth><atprecis Sync="TRUE">0</atprecis><attscale Sync="TRUE">0</attscale></attr><attr><attrlabl Sync="TRUE">GENUS</attrlabl><attalias Sync="TRUE">GENUS</attalias><attrtype Sync="TRUE">String</attrtype><attwidth Sync="TRUE">50</attwidth><atprecis Sync="TRUE">0</atprecis><attscale Sync="TRUE">0</attscale></attr><attr><attrlabl Sync="TRUE">SPECIES</attrlabl><attalias Sync="TRUE">SPECIES</attalias><attrtype Sync="TRUE">String</attrtype><attwidth Sync="TRUE">50</attwidth><atprecis Sync="TRUE">0</atprecis><attscale Sync="TRUE">0</attscale></attr><attr><attrlabl Sync="TRUE">DATA_TYPE</attrlabl><attalias Sync="TRUE">DATA_TYPE</attalias><attrtype Sync="TRUE">String</attrtype><attwidth Sync="TRUE">50</attwidth><atprecis Sync="TRUE">0</atprecis><attscale Sync="TRUE">0</attscale></attr><attr><attrlabl Sync="TRUE">START_DATE</attrlabl><attalias Sync="TRUE">START_DATE</attalias><attrtype Sync="TRUE">String</attrtype><attwidth Sync="TRUE">50</attwidth><atprecis Sync="TRUE">0</atprecis><attscale Sync="TRUE">0</attscale></attr><attr><attrlabl Sync="TRUE">END_DATE</attrlabl><attalias Sync="TRUE">END_DATE</attalias><attrtype Sync="TRUE">String</attrtype><attwidth Sync="TRUE">50</attwidth><atprecis Sync="TRUE">0</atprecis><attscale Sync="TRUE">0</attscale></attr><attr><attrlabl Sync="TRUE">DATE_TYPE</attrlabl><attalias Sync="TRUE">DATE_TYPE</attalias><attrtype Sync="TRUE">String</attrtype><attwidth Sync="TRUE">50</attwidth><atprecis Sync="TRUE">0</atprecis><attscale Sync="TRUE">0</attscale></attr><attr><attrlabl Sync="TRUE">PROTECT</attrlabl><attalias Sync="TRUE">PROTECT</attalias><attrtype Sync="TRUE">Double</attrtype><attwidth Sync="TRUE">19</attwidth><atprecis Sync="TRUE">0</atprecis><attscale Sync="TRUE">0</attscale></attr><attr><attrlabl Sync="TRUE">PROTECT_FE</attrlabl><attalias Sync="TRUE">PROTECT_FE</attalias><attrtype Sync="TRUE">Double</attrtype><attwidth Sync="TRUE">19</attwidth><atprecis Sync="TRUE">0</atprecis><attscale Sync="TRUE">0</attscale></attr><attr><attrlabl Sync="TRUE">VERIF</attrlabl><attalias Sync="TRUE">VERIF</attalias><attrtype Sync="TRUE">String</attrtype><attwidth Sync="TRUE">50</attwidth><atprecis Sync="TRUE">0</atprecis><attscale Sync="TRUE">0</attscale></attr><attr><attrlabl Sync="TRUE">SHAPE_Area</attrlabl><attalias Sync="TRUE">Shape_Area</attalias><attrtype Sync="TRUE">Double</attrtype><attwidth Sync="TRUE">19</attwidth><atprecis Sync="TRUE">0</atprecis><attscale Sync="TRUE">0</attscale><attrdef Sync="TRUE">Area of feature in internal units squared.</attrdef><attrdefs Sync="TRUE">Esri</attrdefs><attrdomv><udom Sync="TRUE">Positive real numbers that are automatically generated.</udom></attrdomv></attr><attr><attrlabl Sync="TRUE">PROTECT_ST</attrlabl><attalias Sync="TRUE">PROTECT_ST</attalias><attrtype Sync="TRUE">String</attrtype><attwidth Sync="TRUE">254</attwidth><atprecis Sync="TRUE">0</atprecis><attscale Sync="TRUE">0</attscale></attr><attr><attrlabl Sync="TRUE">REP_AREA_K</attrlabl><attalias Sync="TRUE">REP_AREA_K</attalias><attrtype Sync="TRUE">String</attrtype><attwidth Sync="TRUE">254</attwidth><atprecis Sync="TRUE">0</atprecis><attscale Sync="TRUE">0</attscale></attr><attr><attrlabl Sync="TRUE">GIS_AREA_K</attrlabl><attalias Sync="TRUE">GIS_AREA_K</attalias><attrtype Sync="TRUE">Double</attrtype><attwidth Sync="TRUE">19</attwidth><atprecis Sync="TRUE">0</atprecis><attscale Sync="TRUE">0</attscale></attr><attr><attrlabl Sync="TRUE">Shape_Leng</attrlabl><attalias Sync="TRUE">Shape_Leng</attalias><attrtype Sync="TRUE">Double</attrtype><attwidth Sync="TRUE">19</attwidth><atprecis Sync="TRUE">0</atprecis><attscale Sync="TRUE">0</attscale></attr><attr><attrlabl Sync="TRUE">SURVEY_MET</attrlabl><attalias Sync="TRUE">SURVEY_MET</attalias><attrtype Sync="TRUE">String</attrtype><attwidth Sync="TRUE">254</attwidth><atprecis Sync="TRUE">0</atprecis><attscale Sync="TRUE">0</attscale></attr></detailed></eainfo><mdDateSt Sync="TRUE">20210323</mdDateSt></metadata>
