<?xml version="1.0" encoding="UTF-8"?>
<metadata xml:lang="en"><Esri><CreaDate>20180605</CreaDate><CreaTime>15430700</CreaTime><ArcGISFormat>1.0</ArcGISFormat><SyncOnce>TRUE</SyncOnce><DataProperties><lineage><Process ToolSource="c:\program files\arcgis\pro\Resources\ArcToolbox\toolboxes\Conversion Tools.tbx\TableToTable" Date="20180605" Time="154307">TableToTable WCMC001_Metadata_ColdCorals2017$ P:\PROGRAMMES\MARINE\Data\_WCMC-OceanDataViewer-Datasets\WCMC-001-GlobalDistributionOfColdWaterCoral2005\14_001_WCMC001_ColdCorals2017_v5\01_Data WCMC001_Metadata_ColdCorals2017.dbf # "OBJECTID_1 "OBJECTID_1" true true false 4 Long 0 0,First,#,P:\PROGRAMMES\MARINE\Data\_WCMC-OceanDataViewer-Datasets\WCMC-001-GlobalDistributionOfColdWaterCoral2005\02_Data_sources\WCMC001_Metadata_ColdCorals2017_GDPR.xlsx\WCMC001_Metadata_ColdCorals2017$,OBJECTID_1,-1,-1;METADATA_I "METADATA_ID" true true false 4 Long 0 0,First,#,P:\PROGRAMMES\MARINE\Data\_WCMC-OceanDataViewer-Datasets\WCMC-001-GlobalDistributionOfColdWaterCoral2005\02_Data_sources\WCMC001_Metadata_ColdCorals2017_GDPR.xlsx\WCMC001_Metadata_ColdCorals2017$,METADATA_ID,-1,-1;DATA_TITLE "DATA_TITLE" true true false 2147483647 Text 0 0,First,#,P:\PROGRAMMES\MARINE\Data\_WCMC-OceanDataViewer-Datasets\WCMC-001-GlobalDistributionOfColdWaterCoral2005\02_Data_sources\WCMC001_Metadata_ColdCorals2017_GDPR.xlsx\WCMC001_Metadata_ColdCorals2017$,DATA_TITLE,0,2147483647;RESP_PARTY "RESP_PARTY" true true false 2147483647 Text 0 0,First,#,P:\PROGRAMMES\MARINE\Data\_WCMC-OceanDataViewer-Datasets\WCMC-001-GlobalDistributionOfColdWaterCoral2005\02_Data_sources\WCMC001_Metadata_ColdCorals2017_GDPR.xlsx\WCMC001_Metadata_ColdCorals2017$,RESP_PARTY,0,2147483647;YEAR "YEAR" true true false 2147483647 Text 0 0,First,#,P:\PROGRAMMES\MARINE\Data\_WCMC-OceanDataViewer-Datasets\WCMC-001-GlobalDistributionOfColdWaterCoral2005\02_Data_sources\WCMC001_Metadata_ColdCorals2017_GDPR.xlsx\WCMC001_Metadata_ColdCorals2017$,YEAR,0,2147483647;UPDATE_YEA "UPDATE_YEAR" true true false 2147483647 Text 0 0,First,#,P:\PROGRAMMES\MARINE\Data\_WCMC-OceanDataViewer-Datasets\WCMC-001-GlobalDistributionOfColdWaterCoral2005\02_Data_sources\WCMC001_Metadata_ColdCorals2017_GDPR.xlsx\WCMC001_Metadata_ColdCorals2017$,UPDATE_YEAR,0,2147483647;PUB_DATE "PUB_DATE" true true false 2147483647 Text 0 0,First,#,P:\PROGRAMMES\MARINE\Data\_WCMC-OceanDataViewer-Datasets\WCMC-001-GlobalDistributionOfColdWaterCoral2005\02_Data_sources\WCMC001_Metadata_ColdCorals2017_GDPR.xlsx\WCMC001_Metadata_ColdCorals2017$,PUB_DATE,0,2147483647;DATE_TYPE "DATE_TYPE" true true false 2147483647 Text 0 0,First,#,P:\PROGRAMMES\MARINE\Data\_WCMC-OceanDataViewer-Datasets\WCMC-001-GlobalDistributionOfColdWaterCoral2005\02_Data_sources\WCMC001_Metadata_ColdCorals2017_GDPR.xlsx\WCMC001_Metadata_ColdCorals2017$,DATE_TYPE,0,2147483647;REF_SYSTEM "REF_SYSTEM" true true false 2147483647 Text 0 0,First,#,P:\PROGRAMMES\MARINE\Data\_WCMC-OceanDataViewer-Datasets\WCMC-001-GlobalDistributionOfColdWaterCoral2005\02_Data_sources\WCMC001_Metadata_ColdCorals2017_GDPR.xlsx\WCMC001_Metadata_ColdCorals2017$,REF_SYSTEM,0,2147483647;SCALE "SCALE" true true false 2147483647 Text 0 0,First,#,P:\PROGRAMMES\MARINE\Data\_WCMC-OceanDataViewer-Datasets\WCMC-001-GlobalDistributionOfColdWaterCoral2005\02_Data_sources\WCMC001_Metadata_ColdCorals2017_GDPR.xlsx\WCMC001_Metadata_ColdCorals2017$,SCALE,0,2147483647;RESOLUTION "RESOLUTION" true true false 2147483647 Text 0 0,First,#,P:\PROGRAMMES\MARINE\Data\_WCMC-OceanDataViewer-Datasets\WCMC-001-GlobalDistributionOfColdWaterCoral2005\02_Data_sources\WCMC001_Metadata_ColdCorals2017_GDPR.xlsx\WCMC001_Metadata_ColdCorals2017$,RESOLUTION,0,2147483647;LANGUAGE "LANGUAGE" true true false 2147483647 Text 0 0,First,#,P:\PROGRAMMES\MARINE\Data\_WCMC-OceanDataViewer-Datasets\WCMC-001-GlobalDistributionOfColdWaterCoral2005\02_Data_sources\WCMC001_Metadata_ColdCorals2017_GDPR.xlsx\WCMC001_Metadata_ColdCorals2017$,LANGUAGE,0,2147483647;CITATION "CITATION" true true false 2147483647 Text 0 0,First,#,P:\PROGRAMMES\MARINE\Data\_WCMC-OceanDataViewer-Datasets\WCMC-001-GlobalDistributionOfColdWaterCoral2005\02_Data_sources\WCMC001_Metadata_ColdCorals2017_GDPR.xlsx\WCMC001_Metadata_ColdCorals2017$,CITATION,0,2147483647;DOI "DOI" true true false 2147483647 Text 0 0,First,#,P:\PROGRAMMES\MARINE\Data\_WCMC-OceanDataViewer-Datasets\WCMC-001-GlobalDistributionOfColdWaterCoral2005\02_Data_sources\WCMC001_Metadata_ColdCorals2017_GDPR.xlsx\WCMC001_Metadata_ColdCorals2017$,DOI,0,2147483647;LINEAGE "LINEAGE" true true false 2147483647 Text 0 0,First,#,P:\PROGRAMMES\MARINE\Data\_WCMC-OceanDataViewer-Datasets\WCMC-001-GlobalDistributionOfColdWaterCoral2005\02_Data_sources\WCMC001_Metadata_ColdCorals2017_GDPR.xlsx\WCMC001_Metadata_ColdCorals2017$,LINEAGE,0,2147483647;DISCLAIMER "DISCLAIMER" true true false 2147483647 Text 0 0,First,#,P:\PROGRAMMES\MARINE\Data\_WCMC-OceanDataViewer-Datasets\WCMC-001-GlobalDistributionOfColdWaterCoral2005\02_Data_sources\WCMC001_Metadata_ColdCorals2017_GDPR.xlsx\WCMC001_Metadata_ColdCorals2017$,DISCLAIMER,0,2147483647" #</Process></lineage></DataProperties></Esri></metadata>
